DATE,Nifty_Close,Infy_Close
2016-10-27,8615.25,1003.50
2016-10-26,8615.25,1014.20001
2016-10-25,8691.299805,1017.20001
2016-10-24,8708.950195,1027.09998
2016-10-21,8693.049805,1038.30005
2016-10-20,8699.400391,1025.65001
2016-10-19,8659.099609,1030.74539
2016-10-18,8677.900391,1028.02457
2016-10-17,8520.400391,1011.55122
2016-10-14,8583.400391,1016.25082
2016-10-13,8573.349609,1041.18337
2016-10-10,8708.799805,1019.02103
2016-10-07,8697.599609,1001.8057
2016-10-06,8709.549805,1016.49816
2016-10-05,8743.950195,1030.44852
2016-10-04,8769.150391,1038.06677
2016-10-03,8738.099609,1027.08458
2016-09-30,8611.150391,1025.0564
2016-09-29,8591.25,1018.27899
2016-09-28,8745.150391,1027.92553
2016-09-27,8706.400391,1028.71709
2016-09-26,8723.049805,1024.90797
2016-09-23,8831.549805,1031.48743
2016-09-22,8867.450195,1047.565
2016-09-21,8777.150391,1044.54731
2016-09-20,8775.900391,1039.00676
2016-09-19,8808.400391,1049.93943
2016-09-16,8779.849609,1048.90065
2016-09-15,8742.549805,1031.14105
2016-09-14,8726.599609,1034.50499
2016-09-12,8715.599609,1042.81588
2016-09-09,8866.700195,1024.51219
2016-09-08,8952.50,1026.6394
2016-09-07,8917.950195,1043.16214
2016-09-06,8943.00,1033.91138
2016-09-02,8809.650391,1020.90089
2016-09-01,8774.650391,1026.54048
2016-08-31,8786.200195,1024.85845
2016-08-30,8744.349609,1029.36022
2016-08-29,8607.450195,1011.94694
2016-08-26,8572.549805,1009.42401
2016-08-25,8592.200195,1025.15532
2016-08-24,8650.299805,1046.17983
2016-08-23,8632.599609,1028.61818
2016-08-22,8629.150391,1004.67495
2016-08-19,8666.900391,1010.46285
2016-08-18,8673.25,1012.54061
2016-08-17,8624.049805,1022.33558
2016-08-16,8642.549805,1040.63928
2016-08-11,8592.150391,1065.91809
2016-08-10,8575.299805,1070.86503
2016-08-09,8678.25,1071.90394
2016-08-08,8711.349609,1067.25374
2016-08-05,8683.150391,1056.66733
2016-08-04,8551.099609,1060.42705
2016-08-03,8544.849609,1073.38802
2016-08-02,8622.900391,1072.29972
2016-08-01,8636.549805,1073.73429
2016-07-29,8638.50,1062.45523
2016-07-28,8666.299805,1066.06652
2016-07-27,8615.799805,1073.8332
2016-07-26,8590.650391,1077.14763
2016-07-25,8635.650391,1069.38095
2016-07-22,8541.200195,1061.07006
2016-07-21,8510.099609,1068.44108
2016-07-20,8565.849609,1071.60708
2016-07-19,8528.549805,1075.4162
2016-07-18,8508.700195,1070.46925
2016-07-15,8541.400391,1061.16909
2016-07-14,8565.00,1163.76867
2016-07-13,8519.50,1181.1325
2016-07-12,8521.049805,1164.06554
2016-07-11,8467.900391,1162.58146
2016-07-08,8323.200195,1145.91016
2016-07-07,8337.900391,1144.97028
2016-07-05,8335.950195,1162.97711
2016-07-04,8370.700195,1171.38692
2016-07-01,8328.349609,1159.95955
2016-06-30,8287.75,1158.37655
2016-06-29,8204.00,1164.36228
2016-06-28,8127.850098,1146.85015
2016-06-27,8094.700195,1153.82527
2016-06-24,8088.600098,1181.87454
2016-06-23,8270.450195,1198.74355
2016-06-22,8203.700195,1186.77197
2016-06-21,8219.900391,1193.30191
2016-06-20,8238.50,1195.92381
2016-06-17,8170.200195,1166.98419
2016-06-16,8140.75,1173.41522
2016-06-15,8206.599609,1177.32325
2016-06-14,8108.850098,1162.53194
2016-06-13,8110.600098,1168.36936
2016-06-10,8170.049805,1168.07249
2016-06-09,8203.599609,1172.92052
2016-06-08,8273.049805,1210.8636
2016-06-07,8266.450195,1229.73908
2016-06-06,8201.049805,1238.88337
2016-06-03,8220.799805,1239.03009
2016-06-02,8218.950195,1233.79781
2016-06-01,8179.950195,1230.52141
2016-05-31,8160.100098,1221.18157
2016-05-30,8178.50,1239.71465
2016-05-27,8156.649902,1220.05684
2016-05-26,8069.649902,1207.00054
2016-05-25,7934.899902,1182.06151
2016-05-24,7748.850098,1161.62125
2016-05-23,7731.049805,1161.86575
2016-05-20,7749.700195,1175.16655
2016-05-19,7783.399902,1179.22528
2016-05-18,7870.149902,1183.23506
2016-05-17,7890.75,1187.53829
2016-05-16,7860.75,1188.27179
2016-05-13,7814.899902,1180.69228
2016-05-12,7900.399902,1183.38179
2016-05-11,7848.850098,1175.41105
2016-05-10,7887.799805,1186.12024
2016-05-09,7866.049805,1172.67272
2016-05-06,7733.450195,1155.50874
2016-05-05,7735.50,1166.21781
2016-05-04,7706.549805,1162.69703
2016-05-03,7747.00,1151.89019
2016-05-02,7805.899902,1174.62872
2016-04-29,7849.799805,1181.52356
2016-04-28,7847.25,1182.55051
2016-04-27,7979.899902,1212.86855
2016-04-26,7962.649902,1205.04454
2016-04-25,7855.049805,1189.10307
2016-04-22,7899.299805,1184.60429
2016-04-21,7912.049805,1199.32326
2016-04-20,7914.75,1216.24261
2016-04-18,7914.700195,1211.45038
2016-04-13,7850.450195,1146.90228
2016-04-12,7708.950195,1156.1933
2016-04-11,7671.399902,1157.85597
2016-04-08,7555.200195,1140.10522
2016-04-07,7546.450195,1155.50874
2016-04-06,7614.350098,1174.28632
2016-04-05,7603.200195,1192.96625
2016-04-04,7758.799805,1216.34039
2016-04-01,7713.049805,1178.93183
2016-03-31,7738.399902,1191.49925
2016-03-30,7735.200195,1179.42083
2016-03-29,7597.00,1170.91227
2016-03-28,7615.100098,1178.394
2016-03-23,7716.50,1181.23023
2016-03-22,7714.899902,1163.77281
2016-03-21,7704.25,1168.61399
2016-03-18,7604.350098,1167.14698
2016-03-17,7512.549805,1136.19321
2016-03-16,7498.75,1127.09775
2016-03-15,7460.600098,1109.4449
2016-03-14,7538.75,1116.09524
2016-03-11,7510.200195,1117.85569
2016-03-10,7486.149902,1117.36669
2016-03-09,7531.799805,1152.57474
2016-03-08,7485.299805,1137.85577
2016-03-04,7485.350098,1144.89745
2016-03-03,7475.600098,1143.57717
2016-03-02,7368.850098,1130.56971
2016-03-01,7222.299805,1100.69171
2016-02-29,6987.049805,1060.20255
2016-02-26,7029.75,1096.48638
2016-02-25,6970.600098,1085.87509
2016-02-24,7018.700195,1100.59394
2016-02-23,7109.549805,1099.17588
2016-02-22,7234.549805,1101.86539
2016-02-19,7210.75,1102.45216
2016-02-18,7191.75,1098.68688
2016-02-17,7108.450195,1073.6989
2016-02-16,7048.25,1055.41032
2016-02-15,7162.950195,1067.73311
2016-02-12,6980.950195,1060.78932
2016-02-11,6976.350098,1054.92132
2016-02-10,7215.700195,1084.16358
2016-02-09,7298.200195,1083.28336
2016-02-08,7387.25,1125.48415
2016-02-05,7489.100098,1148.85829
2016-02-04,7404.00,1153.79724
2016-02-03,7361.799805,1132.23226
2016-02-02,7455.549805,1149.68968
2016-02-01,7555.950195,1147.53801
2016-01-29,7563.549805,1139.27394
2016-01-28,7424.649902,1104.75044
2016-01-27,7437.75,1113.45468
2016-01-25,7436.149902,1112.6234
2016-01-22,7422.450195,1111.25418
2016-01-21,7276.799805,1112.03663
2016-01-20,7309.299805,1096.58415
2016-01-19,7435.100098,1114.57941
2016-01-18,7351.00,1106.99989
2016-01-15,7437.799805,1114.82391
2016-01-14,7536.799805,1108.07567
2016-01-13,7562.399902,1059.56682
2016-01-12,7510.299805,1026.8526
2016-01-11,7563.850098,1032.47611
2016-01-08,7601.350098,1039.90902
2016-01-07,7568.299805,1027.684
2016-01-06,7741.00,1045.82585
2016-01-05,7784.649902,1050.42253
2016-01-04,7791.299805,1055.16582
2015-12-31,7946.350098,1081.08285
2015-12-30,7896.25,1062.40305
2015-12-29,7928.950195,1080.39818
2015-12-28,7925.149902,1080.44713
2015-12-24,7861.049805,1072.23189
2015-12-23,7865.950195,1076.6329
2015-12-22,7786.100098,1059.9091
2015-12-21,7834.450195,1079.17568
2015-12-18,7761.950195,1059.32232
2015-12-17,7844.350098,1082.74541
2015-12-16,7750.899902,1071.74289
2015-12-15,7700.899902,1053.84554
2015-12-14,7650.049805,1045.97258
2015-12-11,7610.450195,1029.64
2015-12-10,7683.299805,1024.30982
2015-12-09,7612.50,1005.58107
2015-12-08,7701.700195,1021.42476
2015-12-07,7765.399902,1023.23404
2015-12-04,7781.899902,1025.9725
2015-12-03,7864.149902,1034.48106
2015-12-02,7931.350098,1037.36612
2015-12-01,7954.899902,1055.26359
2015-11-30,7935.25,1063.96783
2015-11-27,7942.700195,1042.89185
2015-11-26,7883.799805,1029.24878
2015-11-24,7831.600098,1018.24626
2015-11-23,7849.25,1030.52011
2015-11-20,7856.549805,1029.24878
2015-11-19,7842.75,1024.74999
2015-11-18,7731.799805,997.5615
2015-11-17,7837.549805,1038.14857
2015-11-16,7806.600098,1056.43715
2015-11-13,7762.25,1076.58407
2015-11-11,7825.00,1079.5669
2015-11-10,7783.350098,1079.5669
2015-11-09,7915.200195,1109.64045
2015-11-06,7954.299805,1113.25913
2015-11-05,7955.450195,1098.19788
2015-11-04,8040.200195,1111.79212
2015-11-03,8060.700195,1120.30069
2015-11-02,8050.799805,1106.31522
2015-10-30,8065.799805,1110.47173
2015-10-29,8111.75,1119.86064
2015-10-28,8171.200195,1127.83125
2015-10-27,8232.900391,1124.11492
2015-10-26,8260.549805,1126.80442
2015-10-23,8295.450195,1124.60392
2015-10-21,8251.700195,1113.3569
2015-10-20,8261.650391,1101.18071
2015-10-19,8275.049805,1087.48869
2015-10-16,8238.150391,1070.81384
2015-10-15,8179.50,1063.42989
2015-10-14,8107.899902,1063.67216
2015-10-13,8131.700195,1065.41657
2015-10-12,8143.600098,1088.19016
2015-10-09,8189.700195,1131.31463
2015-10-08,8129.350098,1097.15424
2015-10-07,8177.399902,1098.17171
2015-10-06,8152.899902,1118.91024
2015-10-05,8119.299805,1145.22103
2015-10-01,7950.899902,1136.79001
2015-09-30,7948.899902,1126.03302
2015-09-29,7843.299805,1087.17257
2015-09-28,7795.700195,1071.37649
2015-09-24,7868.50,1105.29461
2015-09-23,7845.950195,1081.7457
2015-09-22,7812.00,1073.21767
2015-09-21,7977.100098,1070.50429
2015-09-18,7981.899902,1070.3104
2015-09-16,7899.149902,1067.59702
2015-09-15,7829.100098,1065.22268
2015-09-14,7872.25,1065.75573
2015-09-11,7789.299805,1057.03393
2015-09-10,7788.100098,1047.05226
2015-09-09,7818.600098,1055.04725
2015-09-08,7688.25,1026.07158
2015-09-07,7558.799805,1026.02307
2015-09-04,7655.049805,1040.75318
2015-09-03,7823.00,1065.36807
2015-09-02,7717.00,1065.46495
2015-09-01,7785.850098,1055.33802
2015-08-31,7971.299805,1060.57112
2015-08-28,8001.950195,1076.70648
2015-08-27,7948.950195,1049.32971
2015-08-26,7791.850098,1031.69222
2015-08-25,7880.700195,1052.0916
2015-08-24,7809.00,1058.29379
2015-08-21,8299.950195,1114.35557
2015-08-20,8372.75,1099.48008
2015-08-19,8495.150391,1139.21273
2015-08-18,8466.549805,1128.35886
2015-08-17,8477.299805,1106.84513
2015-08-14,8518.549805,1113.72564
2015-08-13,8355.849609,1122.20517
2015-08-12,8349.450195,1109.02558
2015-08-11,8462.349609,1074.86519
2015-08-10,8525.599609,1052.43075
2015-08-07,8564.599609,1061.73398
2015-08-06,8588.650391,1053.35134
2015-08-05,8567.950195,1052.76991
2015-08-04,8516.900391,1024.56944
2015-08-03,8543.049805,1045.59863
2015-07-31,8532.849609,1043.75745
2015-07-30,8421.799805,1036.92533
2015-07-29,8375.049805,1051.84932
2015-07-28,8337.00,1029.99632
2015-07-27,8361.00,1032.37066
2015-07-24,8521.549805,1053.98127
2015-07-23,8589.799805,1064.05982
2015-07-22,8633.50,1069.05065
2015-07-21,8529.450195,1078.257
2015-07-20,8603.450195,970.30045
2015-07-17,8609.849609,970.88188
2015-07-16,8608.049805,958.47755
2015-07-15,8523.799805,953.58367
2015-07-14,8454.099609,941.22778
2015-07-13,8459.650391,920.78002
2015-07-10,8360.549805,908.52102
2015-07-09,8328.549805,909.00557
2015-07-08,8363.049805,927.9028
2015-07-07,8510.799805,950.19185
2015-07-06,8522.150391,952.90529
2015-07-03,8484.900391,959.68891
2015-07-02,8444.900391,957.46002
2015-07-01,8453.049805,966.56948
2015-06-30,8368.50,953.92282
2015-06-29,8318.400391,959.54359
2015-06-26,8381.099609,974.17681
2015-06-25,8398.00,959.8343
2015-06-24,8360.849609,964.34053
2015-06-23,8381.549805,969.47675
2015-06-22,8353.099609,992.20184
2015-06-19,8224.950195,964.5828
2015-06-18,8174.600098,970.97883
2015-06-17,8091.549805,964.92202
2015-06-16,8047.299805,968.45916
2015-06-15,8013.899902,959.8343
2015-06-12,7982.899902,464.20577
2015-06-11,7965.350098,455.65052
2015-06-10,8124.450195,462.231
2015-06-09,8022.399902,454.38459
2015-06-08,8044.149902,912.40046
2015-06-05,8114.700195,917.69222
2015-06-04,8130.649902,925.17369
2015-06-03,8135.100098,921.90738
2015-06-02,8236.450195,916.32366
2015-06-01,8433.400391,934.1788
2015-05-29,8433.650391,922.93836
2015-05-28,8319.00,919.94575
2015-05-27,8334.599609,898.00319
2015-05-26,8339.349609,915.70325
2015-05-25,8370.25,920.03702
2015-05-22,8458.950195,933.55834
2015-05-21,8421.00,934.47071
2015-05-20,8423.25,933.95071
2015-05-19,8365.650391,922.56426
2015-05-18,8373.650391,909.20259
2015-05-15,8262.349609,894.92393
2015-05-14,8224.200195,882.62973
2015-05-13,8235.450195,892.62017
2015-05-12,8126.950195,888.24079
2015-05-11,8325.25,909.47629
2015-05-08,8191.50,893.1904
2015-05-07,8057.299805,886.82662
2015-05-06,8097.00,876.81335
2015-05-05,8324.799805,895.38012
2015-05-04,8331.950195,909.22537
2015-04-30,8181.50,886.02829
2015-04-29,8239.75,894.65023
2015-04-28,8285.599609,894.53618
2015-04-27,8213.799805,905.37061
2015-04-24,8305.25,910.18335
2015-04-23,8398.299805,968.02782
2015-04-22,8429.700195,975.18993
2015-04-21,8377.75,977.42531
2015-04-20,8448.099609,972.65351
2015-04-17,8606.00,994.13994
2015-04-16,8706.700195,1001.16516
2015-04-13,8834.00,1021.31043
2015-04-10,8780.349609,1019.09332
2015-04-09,8778.299805,1010.45317
2015-04-08,8714.400391,1003.86586
2015-04-07,8660.299805,985.13482
2015-04-06,8659.900391,993.66548
2015-04-01,8586.25,991.72212
2015-03-31,8491.00,1011.98601
2015-03-30,8492.299805,1016.3836
2015-03-27,8341.400391,1004.58656
2015-03-26,8342.150391,979.14058
2015-03-25,8530.799805,1012.32358
2015-03-24,8542.950195,1008.82912
2015-03-23,8550.900391,1018.86522
2015-03-20,8570.900391,1029.8137
2015-03-19,8634.650391,1017.49666
2015-03-18,8685.900391,1017.06788
2015-03-17,8723.299805,1022.08593
2015-03-16,8633.150391,1034.01059
2015-03-13,8647.75,1012.91653
2015-03-12,8776.00,1011.95861
2015-03-11,8699.950195,995.49023
2015-03-10,8712.049805,1002.698
2015-03-09,8756.75,999.07591
2015-03-05,8937.75,1025.3249
2015-03-04,8922.650391,1037.66009
2015-03-03,8996.25,1048.25284
2015-03-02,8956.75,1045.44266
2015-02-27,8844.599609,1033.6092
2015-02-26,8683.849609,1030.11485
2015-02-25,8767.25,1057.25795
2015-02-24,8762.099609,1036.82077
2015-02-23,8754.950195,1033.53625
2015-02-20,8833.599609,1041.51952
2015-02-19,8895.299805,1060.49681
2015-02-18,8869.099609,1047.63237
2015-02-16,8809.349609,1039.53963
2015-02-13,8805.50,1047.44994
2015-02-12,8711.549805,1054.33829
2015-02-11,8627.400391,1042.32241
2015-02-10,8565.549805,1039.3298
2015-02-09,8526.349609,1025.91785
2015-02-06,8661.049805,1017.52406
2015-02-05,8711.700195,1000.78204
2015-02-04,8723.700195,977.54392
2015-02-03,8756.549805,967.52597
2015-02-02,8797.400391,974.8068
2015-01-30,8808.900391,977.10589
2015-01-29,8952.349609,978.74821
2015-01-28,8914.299805,978.31942
2015-01-27,8910.50,974.64253
2015-01-23,8835.599609,1010.48057
2015-01-22,8761.400391,1001.98632
2015-01-21,8729.50,989.87911
2015-01-20,8695.599609,969.03141
2015-01-19,8550.700195,959.13219
2015-01-16,8513.799805,966.33996
2015-01-15,8494.150391,973.61154
2015-01-14,8277.549805,971.05685
2015-01-13,8299.400391,952.928
2015-01-12,8323.00,965.26331
2015-01-09,8284.50,946.33156
2015-01-08,8234.599609,900.26129
2015-01-07,8102.100098,895.74509
2015-01-06,8127.350098,891.4797
2015-01-05,8378.400391,910.50271
2015-01-02,8395.450195,918.39471
2014-12-31,8282.700195,899.85077
2014-12-30,8248.25,897.02238
2014-12-29,8246.299805,893.12202
2014-12-26,8200.700195,890.59016
2014-12-24,8174.100098,880.69093
2014-12-23,8267.00,899.44019
2014-12-22,8324.00,912.19058
2014-12-19,8225.200195,911.75723
2014-12-18,8159.299805,896.81712
2014-12-17,8029.799805,884.31759
2014-12-16,8067.600098,884.0895
2014-12-15,8219.599609,878.06786
2014-12-12,8224.099609,884.38603
2014-12-11,8292.900391,876.35716
2014-12-10,8355.650391,895.8363
2014-12-09,8340.700195,896.31532
2014-12-08,8438.25,898.75591
2014-12-05,8538.299805,944.443
2014-12-04,8564.400391,958.81288
2014-12-03,8537.650391,968.7121
2014-12-02,8524.700195,970.12633
2014-12-01,8555.900391,496.08459
2014-11-28,8588.25,497.22506
2014-11-27,8494.200195,497.9139
2014-11-26,8475.75,490.4507
2014-11-25,8463.099609,490.76549
2014-11-24,8530.150391,975.12611
2014-11-21,8477.349609,945.71121
2014-11-20,8401.900391,963.83093
2014-11-19,8382.299805,951.91528
2014-11-18,8425.900391,953.96812
2014-11-17,8430.75,962.19775
2014-11-14,8389.900391,956.08489
2014-11-13,8357.849609,953.11055
2014-11-12,8383.299805,936.55095
2014-11-11,8362.650391,940.93039
2014-11-10,8344.25,950.12707
2014-11-07,8337.00,950.37343
2014-11-05,8338.299805,940.83906
2014-11-03,8324.150391,931.96169
2014-10-31,8322.200195,924.06056
2014-10-30,8169.200195,900.18194
2014-10-29,8090.450195,885.33215
2014-10-28,8027.600098,864.07387
2014-10-27,7991.700195,867.45055
2014-10-23,8014.549805,867.90674
2014-10-22,7995.899902,865.8539
2014-10-21,7927.75,860.58403
2014-10-20,7879.399902,869.57183
2014-10-17,7779.700195,878.53496
2014-10-16,7748.200195,881.64891
2014-10-14,7864.00,866.36663
2014-10-13,7884.25,871.72892
2014-10-10,7859.950195,859.81032
2014-10-09,7960.549805,806.33587
2014-10-08,7842.700195,807.07611
2014-10-07,7852.399902,847.13025
2014-10-01,7945.549805,850.66798
2014-09-30,7964.799805,828.65712
2014-09-29,7958.899902,828.94457
2014-09-26,7968.850098,813.70935
2014-09-25,7911.850098,816.10882
2014-09-24,8002.399902,805.89365
2014-09-23,8017.549805,797.5579
2014-09-22,8146.299805,807.17609
2014-09-19,8121.450195,818.5525
2014-09-18,8114.75,817.43547
2014-09-17,7975.50,827.17571
2014-09-16,7932.899902,807.31935
2014-09-15,8042.00,805.11977
2014-09-12,8105.50,811.44342
2014-09-11,8085.700195,814.59378
2014-09-10,8094.100098,810.86858
2014-09-09,8152.950195,826.07017
2014-09-08,8173.899902,836.15179
2014-09-05,8086.850098,824.89829
2014-09-04,8095.950195,820.03391
2014-09-03,8114.600098,825.6713
2014-09-02,8083.049805,799.02868
2014-09-01,8027.700195,795.91017
2014-08-28,7954.350098,795.72269
2014-08-27,7936.049805,802.7433
2014-08-26,7904.75,801.32731
2014-08-25,7906.299805,802.13482
2014-08-22,7913.200195,796.20912
2014-08-21,7891.100098,784.70002
2014-08-20,7875.299805,785.93911
2014-08-19,7897.50,784.4462
2014-08-18,7874.25,787.09949
2014-08-14,7791.700195,798.76336
2014-08-13,7739.549805,797.8453
2014-08-12,7727.049805,790.85832
2014-08-11,7625.950195,790.12866
2014-08-08,7568.549805,770.04056
2014-08-07,7649.25,775.50283
2014-08-06,7672.049805,790.64871
2014-08-05,7746.549805,776.75163
2014-08-04,7683.649902,766.26051
2014-08-01,7602.600098,738.78744
2014-07-31,7721.299805,744.61317
2014-07-30,7791.399902,745.61965
2014-07-28,7748.700195,745.37646
2014-07-25,7790.450195,741.19749
2014-07-24,7830.600098,747.84136
2014-07-23,7795.75,740.58901
2014-07-22,7767.850098,714.99622
2014-07-21,7684.200195,707.69966
2014-07-18,7663.899902,718.94345
2014-07-17,7640.450195,716.23445
2014-07-16,7624.399902,714.08971
2014-07-15,7526.649902,713.21586
2014-07-14,7454.149902,713.12744
2014-07-11,7459.600098,735.54775
2014-07-10,7567.75,728.04158
2014-07-09,7585.00,731.9446
2014-07-08,7623.200195,738.97492
2014-07-07,7787.149902,739.70458
2014-07-04,7751.600098,717.70436
2014-07-03,7714.799805,709.91074
2014-07-02,7725.149902,710.92786
2014-07-01,7634.700195,712.19966
2014-06-30,7611.350098,719.82788
2014-06-27,7508.799805,712.7188
2014-06-26,7493.200195,703.67551
2014-06-25,7569.25,710.03193
2014-06-24,7580.200195,708.38512
2014-06-23,7493.350098,714.7424
2014-06-20,7511.450195,733.32609
2014-06-19,7540.700195,732.28684
2014-06-18,7558.200195,716.49976
2014-06-17,7631.700195,717.90425
2014-06-16,7533.549805,717.30635
2014-06-13,7542.100098,704.6705
2014-06-12,7649.899902,702.0287
2014-06-11,7626.850098,706.07499
2014-06-10,7656.399902,679.93914
2014-06-09,7654.600098,660.32689
2014-06-06,7583.399902,663.99816
2014-06-05,7474.100098,672.42147
2014-06-04,7402.25,659.89617
2014-06-03,7415.850098,667.12639
2014-06-02,7362.50,661.8083
2014-05-30,7229.950195,649.92419
2014-05-29,7235.649902,646.62971
2014-05-28,7329.649902,663.61078
2014-05-27,7318.00,655.40311
2014-05-26,7359.049805,647.20548
2014-05-23,7367.100098,641.91466
2014-05-22,7276.399902,651.18883
2014-05-21,7252.899902,660.223
2014-05-20,7275.50,652.92457
2014-05-19,7263.549805,630.51744
2014-05-16,7203.00,664.49997
2014-05-15,7123.149902,684.34492
2014-05-14,7108.75,680.50795
2014-05-13,7108.75,682.83925
2014-05-12,7014.25,663.98722
2014-05-09,6858.799805,650.67608
2014-05-08,6659.850098,641.02547
2014-05-07,6652.549805,641.4546
2014-05-06,6715.299805,661.90599
2014-05-05,6699.350098,664.3636
2014-05-02,6694.799805,673.31408
2014-04-30,6696.399902,665.17921
2014-04-29,6715.25,664.54178
2014-04-28,6761.25,664.60453
2014-04-25,6782.75,664.09178
2014-04-23,6840.799805,663.47442
2014-04-22,6815.350098,658.8737
2014-04-21,6817.649902,665.62839
2014-04-17,6779.399902,667.53225
2014-04-16,6675.299805,660.26481
2014-04-15,6733.100098,681.69994
2014-04-11,6776.299805,676.54462
2014-04-10,6796.399902,669.4453
2014-04-09,6796.200195,680.60246
2014-04-07,6695.049805,688.72645
2014-04-04,6694.350098,693.46354
2014-04-03,6736.100098,698.08431
2014-04-02,6752.549805,694.71827
2014-04-01,6721.049805,693.02354
2014-03-31,6704.200195,686.50978
2014-03-28,6695.899902,682.2855
2014-03-27,6641.75,675.68806
2014-03-26,6601.399902,679.42047
2014-03-25,6589.75,680.57065
2014-03-24,6583.50,685.04592
2014-03-21,6493.200195,691.28781
2014-03-20,6483.100098,690.74493
2014-03-19,6524.049805,684.19937
2014-03-18,6516.649902,700.67829
2014-03-14,6504.200195,709.79521
2014-03-13,6493.100098,702.15221
2014-03-12,6516.899902,767.75416
2014-03-11,6511.899902,768.60153
2014-03-10,6537.25,767.8169
2014-03-07,6526.649902,782.18366
2014-03-06,6401.149902,801.33932
2014-03-05,6328.649902,799.20627
2014-03-04,6297.950195,794.57462
2014-03-03,6221.450195,794.30193
2014-02-28,6276.950195,799.86545
2014-02-26,6238.799805,796.23673
2014-02-25,6200.049805,791.09228
2014-02-24,6186.100098,784.19121
2014-02-21,6155.450195,784.35852
2014-02-20,6091.450195,776.10821
2014-02-19,6152.75,784.92314
2014-02-18,6127.100098,769.99177
2014-02-17,6073.299805,765.00375
2014-02-14,6048.350098,762.10783
2014-02-13,6001.100098,749.87412
2014-02-12,6084.00,752.86459
2014-02-11,6062.700195,752.05904
2014-02-10,6053.450195,747.36464
2014-02-07,6063.200195,745.84891
2014-02-06,6036.299805,745.25248
2014-02-05,6022.399902,748.92219
2014-02-04,6000.899902,744.70879
2014-02-03,6001.799805,758.93917
2014-01-31,6089.50,773.98604
2014-01-30,6073.700195,774.64435
2014-01-29,6120.25,777.47839
2014-01-28,6126.25,768.54884
2014-01-27,6135.850098,780.48974
2014-01-24,6266.75,785.91607
2014-01-23,6345.649902,793.09988
2014-01-22,6338.950195,787.53719
2014-01-21,6313.799805,785.95875
2014-01-20,6303.950195,784.06577
2014-01-17,6261.649902,779.97781
2014-01-16,6318.899902,778.99494
2014-01-15,6320.899902,776.27634
2014-01-14,6241.850098,770.98551
2014-01-13,6272.75,766.43667
2014-01-10,6171.450195,742.64849
2014-01-09,6168.350098,721.64248
2014-01-08,6174.600098,716.8954
2014-01-07,6162.25,722.96998
2014-01-06,6191.450195,735.67462
2014-01-03,6211.149902,745.55529
2014-01-02,6221.149902,727.86431
2013-12-31,6304.00,728.92999
2013-12-30,6291.100098,732.4232
2013-12-27,6313.799805,744.7506
2013-12-26,6278.899902,736.2493
2013-12-24,6268.399902,729.08724
2013-12-23,6284.50,725.33308
2013-12-20,6274.25,742.67024
2013-12-19,6166.649902,734.49269
2013-12-18,6217.149902,723.03272
2013-12-17,6139.049805,722.80354
2013-12-16,6154.700195,721.94529
2013-12-13,6168.399902,705.55087
2013-12-12,6237.049805,703.45964
2013-12-11,6307.899902,705.65543
2013-12-10,6332.850098,704.9235
2013-12-09,6363.899902,698.22068
2013-12-06,6259.899902,695.50208
2013-12-05,6241.100098,700.83472
2013-12-04,6160.950195,703.77332
2013-12-03,6201.850098,700.30185
2013-12-02,6217.850098,698.19975
2013-11-29,6176.100098,701.51478
2013-11-28,6091.850098,695.92032
2013-11-27,6057.100098,688.70557
2013-11-26,6059.100098,693.49447
2013-11-25,6115.350098,695.54389
2013-11-22,5995.450195,700.06098
2013-11-21,5999.049805,699.38173
2013-11-20,6122.899902,711.47907
2013-11-19,6203.350098,720.00044
2013-11-18,6189.00,711.87644
2013-11-14,6056.149902,701.45122
2013-11-13,5989.600098,696.80951
2013-11-12,6018.049805,697.81331
2013-11-11,6078.799805,703.19782
2013-11-08,6140.75,702.66496
2013-11-07,6187.25,702.15221
2013-11-06,6215.149902,691.39237
2013-11-05,6253.149902,682.96556
2013-11-01,6307.200195,685.23411
2013-10-31,6299.149902,692.17699
2013-10-30,6251.700195,695.10471
2013-10-29,6220.899902,697.5515
2013-10-28,6101.100098,695.01021
2013-10-25,6144.899902,696.70495
2013-10-24,6164.350098,691.93693
2013-10-23,6178.350098,695.29295
2013-10-22,6202.799805,698.96349
2013-10-21,6204.950195,697.51969
2013-10-18,6189.350098,693.14985
2013-10-17,6045.850098,683.51931
2013-10-15,6089.049805,684.83681
2013-10-14,6112.700195,678.62126
2013-10-11,6096.200195,668.44465
2013-10-10,6020.950195,638.45703
2013-10-09,6007.450195,634.83401
2013-10-08,5928.399902,619.38004
2013-10-07,5906.149902,616.87
2013-10-04,5907.299805,615.75702
2013-10-03,5909.700195,619.99245
2013-10-01,5780.049805,615.47125
2013-09-30,5735.299805,615.06298
2013-09-27,5833.200195,613.75652
2013-09-26,5882.25,614.92009
2013-09-25,5873.850098,614.3787
2013-09-24,5892.450195,615.49168
2013-09-23,5889.75,616.36943
2013-09-20,6012.100098,611.41872
2013-09-19,6115.549805,616.2878
2013-09-18,5899.450195,615.90972
2013-09-17,5850.200195,617.02271
2013-09-16,5840.549805,611.06188
2013-09-13,5850.600098,618.13564
2013-09-12,5850.700195,625.852
2013-09-11,5913.149902,636.72187
2013-09-10,5896.75,644.84646
2013-09-09,5680.399902,618.33978
2013-09-06,5680.399902,618.33978
2013-09-05,5592.950195,613.38907
2013-09-04,5448.100098,635.41537
2013-09-03,5341.450195,619.28859
2013-09-02,5550.75,629.9445
2013-08-30,5471.799805,634.01746
2013-08-29,5409.049805,633.76189
2013-08-28,5285.00,636.13966
2013-08-27,5287.450195,623.85146
2013-08-26,5476.50,618.67618
2013-08-23,5471.75,612.55209
2013-08-22,5408.450195,616.53275
2013-08-21,5302.549805,603.98898
2013-08-20,5401.450195,613.76629
2013-08-19,5414.75,613.42989
2013-08-16,5507.850098,607.99984
2013-08-15,5742.299805,626.62689
2013-08-14,5742.299805,626.62689
2013-08-13,5699.299805,629.47503
2013-08-12,5612.399902,613.51152
2013-08-09,5565.649902,605.17298
2013-08-08,5565.649902,605.17298
2013-08-07,5519.100098,604.92802
2013-08-06,5542.25,609.8273
2013-08-05,5685.399902,614.25705
2013-08-02,5677.899902,614.20561
2013-08-01,5727.850098,607.23393
2013-07-31,5742.00,606.21325
2013-07-30,5755.049805,603.36595
2013-07-29,5831.649902,596.32325
2013-07-26,5886.200195,594.71059
2013-07-25,5907.50,595.11886
2013-07-24,5990.50,593.75116
2013-07-23,6077.799805,592.39322
2013-07-22,6031.799805,587.24979
2013-07-19,6029.200195,581.26779
2013-07-18,6038.049805,571.73542
2013-07-17,5973.299805,561.54904
2013-07-16,5955.25,557.04742
2013-07-15,6030.799805,559.8849
2013-07-12,6009.00,572.43929
2013-07-11,5935.100098,516.12869
2013-07-10,5816.700195,510.57534
2013-07-09,5859.00,509.97355
2013-07-08,5811.549805,503.83884
2013-07-05,5867.899902,501.39982
2013-07-04,5836.950195,503.80864
2013-07-03,5770.899902,490.84598
2013-07-02,5857.549805,490.73329
2013-07-01,5898.850098,500.33832
2013-06-28,5842.200195,510.10667
2013-06-27,5682.350098,506.82987
2013-06-26,5588.700195,489.80486
2013-06-25,5609.100098,484.59938
2013-06-24,5590.25,485.92627
2013-06-21,5667.649902,493.75532
2013-06-20,5655.899902,483.61957
2013-06-19,5822.25,497.75641
2013-06-18,5813.600098,499.43032
2013-06-17,5850.049805,494.54087
2013-06-14,5808.399902,488.89607
2013-06-13,5699.100098,485.8242
2013-06-12,5760.200195,494.28609
2013-06-11,5788.799805,505.33966
2013-06-10,5878.00,507.63659
2013-06-07,5881.00,499.48096
2013-06-06,5921.399902,495.97959
2013-06-05,5923.850098,502.43032
2013-06-04,5919.450195,509.50402
2013-06-03,5939.299805,513.21935
2013-05-31,5985.950195,492.31575
2013-05-30,6124.049805,477.97477
2013-05-29,6104.299805,458.16373
2013-05-28,6111.25,460.85149
2013-05-27,6083.149902,462.11746
2013-05-24,5983.549805,457.28729
2013-05-23,5967.049805,459.61515
2013-05-22,6094.50,464.57151
2013-05-21,6114.100098,466.96712
2013-05-20,6156.899902,461.99126
2013-05-17,6187.299805,458.03754
2013-05-16,6169.899902,454.30744
2013-05-15,6146.75,459.73122
2013-05-14,5995.399902,457.70645
2013-05-13,5980.450195,455.67079
2013-05-10,6094.75,461.89388
2013-05-09,6050.149902,459.91661
2013-05-08,6069.299805,457.82252
2013-05-07,6043.549805,457.46261
2013-05-06,5971.049805,455.96293
2013-05-03,5944.00,449.50609
2013-05-02,5999.350098,445.36772
2013-05-01,5930.200195,435.38567
2013-04-30,5930.200195,435.38567
2013-04-29,5904.100098,434.18827
2013-04-26,5871.450195,430.81883
2013-04-25,5916.299805,433.87662
2013-04-24,5836.899902,440.60536
2013-04-23,5836.899902,440.60536
2013-04-22,5834.399902,437.1588
2013-04-19,5783.100098,447.1206
2013-04-18,5783.100098,447.1206
2013-04-17,5688.700195,444.81305
2013-04-16,5688.950195,447.22735
2013-04-15,5568.399902,455.56404
2013-04-12,5528.549805,447.30524
2013-04-11,5594.00,568.06929
2013-04-10,5558.700195,548.38796
2013-04-09,5495.100098,538.78687
2013-04-08,5542.950195,551.55326
2013-04-05,5553.25,558.16593
2013-04-04,5574.75,560.93157
2013-04-03,5672.899902,578.14797
2013-04-02,5748.100098,578.2656
2013-04-01,5704.399902,573.42531
2013-03-28,5682.549805,562.74289
2013-03-27,5641.600098,555.96508
2013-03-26,5641.600098,555.96508
2013-03-25,5633.850098,555.6145
2013-03-22,5651.350098,557.64939
2013-03-21,5658.75,559.51915
2013-03-20,5694.399902,558.12618
2013-03-19,5745.950195,556.2471
2013-03-18,5835.25,557.17261
2013-03-15,5872.600098,560.58023
2013-03-14,5908.950195,559.77235
2013-03-13,5851.200195,557.6977
2013-03-12,5914.100098,568.34199
2013-03-11,5942.350098,573.72758
2013-03-08,5719.700195,578.49855
2013-03-07,5719.700195,585.1408
2013-03-06,5719.700195,578.46974
2013-03-05,5719.700195,568.96522
2013-03-04,5719.700195,565.48828
2013-03-01,5719.700195,567.50449
2013-02-28,5693.049805,566.18008
2013-02-27,5796.899902,566.87189
2013-02-26,5761.350098,576.46365
2013-02-25,5854.75,568.28355
2013-02-22,5850.299805,553.23838
2013-02-21,5852.25,546.85947
2013-02-20,5943.049805,549.12807
2013-02-19,5939.700195,549.32284
2013-02-18,5898.200195,541.4645
2013-02-15,5887.399902,543.12
2013-02-14,5896.950195,547.82392
2013-02-13,5932.950195,543.3054
2013-02-12,5922.50,536.62421
2013-02-11,5897.850098,543.79231
2013-02-08,5903.50,543.28514
2013-02-07,5938.799805,543.29527
2013-02-06,5959.200195,540.66595
2013-02-05,5956.899902,536.75117
2013-02-04,5987.25,539.02995
2013-02-01,5998.899902,539.682
2013-01-31,6034.75,543.29527
2013-01-30,6055.75,543.51885
2013-01-29,6049.899902,545.14553
2013-01-28,6074.799805,547.41413
2013-01-25,6074.649902,548.19319
2013-01-24,6019.350098,544.98971
2013-01-23,6054.299805,543.31476
2013-01-22,6048.50,542.13681
2013-01-21,6082.299805,544.61967
2013-01-18,6064.399902,543.01325
2013-01-17,6039.200195,544.94064
2013-01-16,6001.850098,539.00032
2013-01-15,6056.600098,542.81848
2013-01-14,6024.049805,546.60626
2013-01-11,5951.299805,528.22052
2013-01-10,5968.649902,452.30135
2013-01-09,5971.50,453.99579
2013-01-08,6001.700195,456.52773
2013-01-07,5988.399902,462.52648
2013-01-04,6016.149902,457.60906
2013-01-03,6009.50,455.33965
2013-01-02,5993.25,449.74992
2012-12-31,5905.100098,451.60018
2012-12-28,5908.350098,452.47662
2012-12-27,5870.100098,445.57261
2012-12-26,5905.600098,450.92787
2012-12-24,5855.75,452.30135
2012-12-21,5847.700195,447.34499
2012-12-20,5916.399902,447.88021
2012-12-19,5929.600098,447.20786
2012-12-18,5896.799805,442.30993
2012-12-17,5857.899902,441.38442
2012-12-14,5879.600098,443.8291
2012-12-13,5851.50,444.75461
2012-12-12,5888.00,447.52963
2012-12-11,5898.799805,446.79964
2012-12-10,5908.899902,450.59755
2012-12-07,5907.399902,452.07697
2012-12-06,5930.899902,455.41758
2012-12-05,5900.50,464.02616
2012-12-04,5889.25,474.72807
2012-12-03,5870.950195,475.05916
2012-11-30,5879.850098,474.612
2012-11-29,5825.00,476.24725
2012-11-28,5727.450195,481.19424
2012-11-27,5727.450195,481.19424
2012-11-26,5635.899902,470.82342
2012-11-23,5626.600098,463.06247
2012-11-22,5627.75,464.04566
2012-11-21,5614.799805,457.6675
2012-11-20,5571.549805,452.7789
2012-11-19,5571.399902,459.36194
2012-11-16,5574.049805,456.40153
2012-11-15,5631.00,447.23748
2012-11-14,5666.950195,455.41758
2012-11-13,5666.950195,455.41758
2012-11-12,5683.700195,459.43907
2012-11-09,5686.25,457.44311
2012-11-08,5738.75,462.62387
2012-11-07,5760.100098,468.29148
2012-11-06,5724.399902,463.86021
2012-11-05,5704.200195,463.23697
2012-11-02,5697.700195,465.11686
2012-11-01,5645.049805,460.54922
2012-10-31,5619.700195,460.22825
2012-10-30,5597.899902,459.323
2012-10-29,5665.600098,454.87223
2012-10-26,5664.299805,453.72314
2012-10-25,5705.299805,456.67419
2012-10-24,5691.399902,458.30011
2012-10-23,5691.399902,458.30011
2012-10-22,5717.149902,464.62058
2012-10-19,5684.25,464.19211
2012-10-18,5718.700195,463.07183
2012-10-17,5660.25,449.93456
2012-10-16,5648.00,447.19184
2012-10-15,5687.25,449.07122
2012-10-12,5676.049805,454.71915
2012-10-11,5708.049805,480.88736
2012-10-10,5652.149902,475.37231
2012-10-09,5704.600098,481.466
2012-10-08,5676.00,472.34484
2012-10-05,5746.950195,479.68232
2012-10-04,5787.600098,488.94543
2012-10-03,5731.25,489.43902
2012-10-02,5718.799805,495.39979
2012-10-01,5718.799805,495.39979
2012-09-28,5703.299805,481.2192
2012-09-27,5649.50,483.95358
2012-09-26,5663.450195,491.53707
2012-09-25,5673.899902,493.19848
2012-09-24,5669.600098,493.59637
2012-09-21,5691.149902,492.2964
2012-09-20,5554.25,496.83342
2012-09-19,5600.049805,493.72016
2012-09-18,5600.049805,493.72016
2012-09-17,5610.00,486.82917
2012-09-14,5577.649902,499.66197
2012-09-13,5435.350098,485.03562
2012-09-12,5431.00,482.12128
2012-09-11,5390.00,480.18499
2012-09-10,5363.450195,476.92972
2012-09-07,5342.100098,472.16413
2012-09-06,5238.399902,459.77784
2012-09-05,5225.700195,444.10666
2012-09-04,5274.00,448.16001
2012-09-03,5253.75,448.9763
2012-08-31,5258.50,448.32097
2012-08-30,5315.049805,454.21569
2012-08-29,5287.799805,453.38044
2012-08-27,5350.25,457.8605
2012-08-24,5386.700195,464.10606
2012-08-23,5415.350098,470.25666
2012-08-22,5412.850098,461.97993
2012-08-21,5421.00,457.31
2012-08-20,5366.299805,446.3095
2012-08-17,5366.299805,446.3095
2012-08-16,5362.950195,439.55065
2012-08-15,5380.350098,442.19011
2012-08-14,5380.350098,442.19011
2012-08-13,5347.899902,440.43378
2012-08-10,5320.399902,439.09581
2012-08-09,5322.950195,433.21095
2012-08-08,5338.00,433.50484
2012-08-07,5336.700195,427.75286
2012-08-06,5282.549805,420.82392
2012-08-03,5215.700195,419.24829
2012-08-02,5227.75,418.72661
2012-08-01,5240.50,421.1565
2012-07-31,5229.00,422.75034
2012-07-30,5199.799805,419.47608
2012-07-27,5099.850098,407.88634
2012-07-26,5043.00,403.16936
2012-07-25,5109.600098,411.6648
2012-07-24,5128.200195,411.68301
2012-07-23,5117.950195,415.56553
2012-07-20,5205.100098,421.19446
2012-07-19,5242.700195,426.21518
2012-07-18,5216.299805,413.62918
2012-07-17,5192.850098,412.1766
2012-07-16,5197.25,412.18647
2012-07-13,5227.25,423.29176
2012-07-12,5235.25,429.85999
2012-07-11,5306.299805,469.0797
2012-07-10,5345.350098,466.87761
2012-07-09,5275.149902,462.80531
2012-07-06,5316.950195,464.07719
2012-07-05,5327.299805,470.83529
2012-07-04,5302.549805,470.67429
2012-07-03,5287.950195,472.79133
2012-07-02,5278.600098,474.47097
2012-06-29,5278.899902,476.33135
2012-06-28,5149.149902,469.51633
2012-06-27,5141.899902,468.5292
2012-06-26,5120.799805,463.27076
2012-06-25,5114.649902,468.53828
2012-06-22,5146.049805,469.73425
2012-06-21,5165.00,472.93334
2012-06-20,5120.549805,468.90887
2012-06-19,5103.850098,470.2187
2012-06-18,5064.25,476.80593
2012-06-15,5139.049805,478.86602
2012-06-14,5054.75,474.26218
2012-06-13,5121.450195,468.90887
2012-06-12,5115.899902,466.62173
2012-06-11,5054.100098,460.47034
2012-06-08,5068.350098,459.25542
2012-06-07,5049.649902,465.65282
2012-06-06,4997.100098,458.54392
2012-06-05,4863.299805,453.48523
2012-06-04,4848.149902,452.8679
2012-06-01,4841.600098,453.55127
2012-05-31,4924.25,461.17351
2012-05-30,4950.75,461.73314
2012-05-29,4990.100098,457.40491
2012-05-28,4985.649902,452.90586
2012-05-25,4920.399902,450.44789
2012-05-24,4921.399902,451.95669
2012-05-23,4835.649902,429.06269
2012-05-22,4860.50,427.7654
2012-05-18,4891.450195,435.39431
2012-05-17,4870.200195,433.14685
2012-05-16,4858.25,432.76241
2012-05-15,4942.799805,441.30492
2012-05-14,4907.799805,427.37217
2012-05-11,4928.899902,422.32034
2012-05-10,4965.700195,428.33181
2012-05-09,4974.799805,432.36043
2012-05-08,4999.950195,437.41298
2012-05-07,5114.149902,445.39787
2012-05-04,5086.850098,446.19232
2012-05-03,5188.399902,453.67504
2012-05-02,5239.149902,451.68341
2012-05-01,5248.149902,449.8745
2012-04-30,5248.149902,449.8745
2012-04-27,5190.600098,436.88311
2012-04-26,5189.00,430.52445
2012-04-25,5202.00,429.38209
2012-04-24,5222.649902,429.30973
2012-04-23,5200.600098,422.24723
2012-04-20,5290.850098,439.87969
2012-04-19,5332.399902,439.51425
2012-04-18,5300.00,433.27403
2012-04-17,5289.700195,435.00108
2012-04-16,5226.200195,432.05053
2012-04-13,5207.450195,438.99389
2012-04-12,5276.850098,502.59792
2012-04-11,5226.850098,512.41946
2012-04-10,5243.600098,506.38971
2012-04-09,5234.399902,515.77275
2012-04-05,5322.899902,520.95252
2012-04-04,5322.899902,520.95252
2012-04-03,5358.50,522.29512
2012-04-02,5317.899902,520.78804
2012-03-30,5295.549805,523.72985
2012-03-29,5178.850098,510.15376
2012-03-28,5194.75,519.49076
2012-03-27,5243.149902,525.48393
2012-03-26,5184.25,517.23451
2012-03-23,5278.200195,524.89924
2012-03-22,5228.450195,516.78649
2012-03-21,5364.950195,523.91257
2012-03-20,5274.850098,517.34416
2012-03-19,5257.049805,518.46751
2012-03-16,5317.899902,523.4828
2012-03-15,5380.50,526.58025
2012-03-14,5463.899902,526.02335
2012-03-13,5429.50,522.54217
2012-03-12,5359.549805,514.79482
2012-03-09,5333.549805,521.71993
2012-03-08,5220.450195,526.93695
2012-03-07,5220.450195,526.93695
2012-03-06,5222.399902,521.1988
2012-03-05,5280.350098,513.41568
2012-03-02,5359.350098,519.9658
2012-03-01,5339.75,521.96622
2012-02-29,5385.200195,526.86312
2012-02-28,5375.50,524.84441
2012-02-27,5281.200195,526.84559
2012-02-24,5429.299805,538.66755
2012-02-23,5483.299805,535.94428
2012-02-22,5505.350098,539.43425
2012-02-21,5607.149902,536.87617
2012-02-17,5564.299805,538.62151
2012-02-16,5521.950195,531.52247
2012-02-15,5531.950195,523.32787
2012-02-14,5416.049805,511.80774
2012-02-13,5390.200195,509.49595
2012-02-10,5381.600098,509.86139
2012-02-09,5412.350098,513.42442
2012-02-08,5368.149902,505.97823
2012-02-07,5335.149902,498.36833
2012-02-06,5361.649902,507.43125
2012-02-03,5325.850098,508.5546
2012-02-02,5269.899902,503.75856
2012-02-01,5235.700195,501.14566
2012-01-31,5199.25,501.74864
2012-01-30,5087.299805,495.59099
2012-01-27,5204.700195,497.91153
2012-01-26,5158.299805,487.09452
2012-01-25,5158.299805,487.09452
2012-01-24,5127.350098,478.87213
2012-01-23,5046.25,475.12637
2012-01-20,5048.600098,473.0251
2012-01-19,5018.399902,474.10313
2012-01-18,4955.799805,477.27369
2012-01-17,4967.299805,486.40968
2012-01-16,4873.899902,482.40738
2012-01-13,4866.00,472.18457
2012-01-12,4831.25,472.92423
2012-01-11,4860.950195,516.47588
2012-01-10,4849.549805,523.23651
2012-01-09,4742.799805,518.29429
2012-01-06,4754.100098,517.48958
2012-01-05,4749.950195,518.95134
2012-01-04,4749.649902,521.55546
2012-01-03,4765.299805,523.36441
2011-12-30,4624.299805,505.70415
2011-12-29,4646.25,501.03605
2011-12-28,4705.799805,508.32656
2011-12-27,4750.50,504.19707
2011-12-23,4714.00,492.38461
2011-12-22,4733.850098,497.15362
2011-12-21,4693.149902,501.20048
2011-12-20,4544.200195,487.63389
2011-12-19,4613.100098,489.03133
2011-12-16,4651.600098,497.82017
2011-12-15,4746.350098,496.33138
2011-12-14,4763.25,500.69765
2011-12-13,4800.600098,502.8815
2011-12-12,4764.600098,500.69765
2011-12-09,4866.700195,495.22556
2011-12-08,4943.649902,497.62795
2011-12-07,5062.600098,504.1145
2011-12-06,5039.149902,493.55329
2011-12-05,5039.149902,493.55329
2011-12-02,5050.149902,492.27425
2011-12-01,4936.850098,485.18547
2011-11-30,4832.049805,476.32355
2011-11-29,4805.100098,474.69661
2011-11-28,4851.299805,481.6765
2011-11-25,4710.049805,475.01672
2011-11-23,4706.450195,484.69137
2011-11-22,4812.350098,497.72881
2011-11-21,4778.350098,487.88023
2011-11-18,4905.799805,500.79851
2011-11-17,4934.75,503.11904
2011-11-16,5030.450195,507.6505
2011-11-15,5068.50,511.3049
2011-11-14,5148.350098,513.22346
2011-11-11,5168.850098,507.17541
2011-11-09,5221.049805,518.06553
2011-11-08,5289.350098,519.30804
2011-11-04,5284.200195,516.35673
2011-11-03,5265.75,511.99924
2011-11-02,5258.450195,517.90106
2011-11-01,5257.950195,518.30308
2011-10-31,5326.600098,525.7858
2011-10-28,5360.700195,522.33166
2011-10-26,5201.799805,518.67726
2011-10-25,5191.600098,522.34116
2011-10-24,5098.350098,505.64059
2011-10-21,5049.950195,497.48176
2011-10-20,5091.899902,502.03223
2011-10-19,5139.149902,487.45118
2011-10-18,5037.50,482.76923
2011-10-17,5118.25,490.81077
2011-10-14,5132.299805,490.3104
2011-10-13,5077.850098,481.90217
2011-10-12,5099.399902,478.80209
2011-10-11,4974.350098,447.5652
2011-10-10,4979.600098,462.82552
2011-10-07,4888.049805,448.30644
2011-10-05,4751.299805,437.27132
2011-10-04,4772.149902,435.76166
2011-10-03,4849.50,442.44505
2011-09-30,4943.25,452.65817
2011-09-29,5015.450195,455.88337
2011-09-28,4945.899902,441.43506
2011-09-27,4971.25,436.77095
2011-09-26,4835.399902,420.84015
2011-09-23,4867.75,417.94521
2011-09-22,4923.649902,420.41129
2011-09-21,5133.25,435.25199
2011-09-20,5140.200195,435.41355
2011-09-19,5031.950195,422.20684
2011-09-16,5084.25,428.01462
2011-09-15,5075.700195,430.6508
2011-09-14,5012.549805,420.24114
2011-09-13,4940.950195,397.08225
2011-09-12,4946.799805,392.8642
2011-09-09,5059.450195,406.41901
2011-09-08,5153.25,417.8823
2011-09-07,5124.649902,409.48336
2011-09-06,5064.299805,411.46766
2011-09-05,5017.200195,404.77497
2011-09-02,5040.00,414.44266
2011-08-30,5001.00,418.68645
2011-08-29,4919.600098,410.34113
2011-08-26,4747.799805,393.59759
2011-08-25,4839.600098,390.17509
2011-08-24,4888.899902,402.23739
2011-08-23,4948.899902,406.8922
2011-08-22,4898.799805,392.17657
2011-08-19,4845.649902,397.55544
2011-08-18,4944.149902,420.67934
2011-08-17,5056.600098,437.62872
2011-08-16,5035.799805,428.7566
2011-08-12,5072.950195,424.44989
2011-08-11,5138.299805,436.13695
2011-08-10,5161.00,437.2985
2011-08-09,5072.850098,424.33411
2011-08-08,5118.50,441.48008
2011-08-05,5211.25,463.04925
2011-08-04,5331.799805,484.12664
2011-08-03,5404.799805,488.31755
2011-08-02,5456.549805,491.59633
2011-08-01,5516.799805,503.06036
2011-07-29,5482.00,496.05526
2011-07-28,5487.75,491.62351
2011-07-27,5546.799805,499.76295
2011-07-26,5574.850098,500.68363
2011-07-25,5680.299805,501.74724
2011-07-22,5633.950195,505.40991
2011-07-21,5541.600098,494.66143
2011-07-20,5567.049805,491.86439
2011-07-19,5613.549805,491.51628
2011-07-18,5567.049805,484.88646
2011-07-15,5581.100098,488.09452
2011-07-14,5512.299805,489.70283
2011-07-13,5585.450195,496.30546
2011-07-12,5526.149902,498.8523
2011-07-11,5616.100098,522.01118
2011-07-08,5660.649902,531.91193
2011-07-07,5728.950195,535.33368
2011-07-06,5625.450195,527.82825
2011-07-05,5632.100098,528.31933
2011-07-04,5650.50,525.19207
2011-07-01,5627.200195,524.33429
2011-06-30,5647.399902,520.0991
2011-06-29,5600.450195,514.97109
2011-06-28,5545.299805,512.03113
2011-06-27,5526.600098,513.059
2011-06-24,5471.25,511.07471
2011-06-23,5320.00,496.62713
2011-06-22,5278.299805,492.32972
2011-06-21,5275.850098,487.34325
2011-06-20,5257.899902,484.19884
2011-06-17,5366.399902,494.93803
2011-06-16,5396.75,500.41558
2011-06-15,5447.50,506.72372
2011-06-14,5500.50,513.28203
2011-06-13,5482.799805,514.22915
2011-06-10,5485.799805,511.50432
2011-06-09,5521.049805,511.35205
2011-06-08,5526.850098,513.17479
2011-06-07,5556.149902,516.90107
2011-06-06,5532.049805,507.1347
2011-06-03,5516.75,503.2569
2011-06-02,5550.350098,500.90736
2011-06-01,5592.00,502.42631
2011-05-30,5473.100098,496.89518
2011-05-27,5476.100098,498.1282
2011-05-26,5412.350098,496.17179
2011-05-25,5348.950195,484.03728
2011-05-24,5394.850098,493.73175
2011-05-23,5386.549805,492.43897
2011-05-20,5486.350098,494.66073
2011-05-19,5428.100098,494.06988
2011-05-18,5420.600098,493.3846
2011-05-17,5438.950195,493.67065
2011-05-16,5499.00,494.75582
2011-05-13,5544.75,499.6076
2011-05-12,5486.149902,500.11027
2011-05-11,5565.049805,504.41559
2011-05-10,5541.25,499.90266
2011-05-09,5551.100098,504.84953
2011-05-06,5551.450195,502.1501
2011-05-05,5459.850098,494.42605
2011-05-04,5537.149902,498.11484
2011-05-03,5565.25,505.28346
2011-05-02,5701.299805,507.27957
2011-04-29,5749.50,504.44962
2011-04-28,5785.450195,508.42445
2011-04-27,5833.899902,512.59023
2011-04-26,5868.399902,510.71634
2011-04-25,5874.50,510.53374
2011-04-21,5884.700195,505.10086
2011-04-20,5851.649902,504.63222
2011-04-19,5740.75,501.16976
2011-04-18,5729.100098,504.42394
2011-04-15,5824.549805,518.90001
2011-04-13,5911.50,573.87094
2011-04-11,5785.700195,562.65808
2011-04-08,5842.00,560.17596
2011-04-07,5885.700195,563.40441
2011-04-06,5891.75,568.48112
2011-04-05,5910.049805,569.88709
2011-04-04,5908.450195,569.86971
2011-04-01,5826.049805,558.58739
2011-03-31,5833.75,562.606
2011-03-30,5787.649902,550.38635
2011-03-29,5736.350098,550.81198
2011-03-28,5687.25,544.94516
2011-03-25,5654.25,549.02416
2011-03-24,5522.399902,521.20855
2011-03-23,5480.25,519.56863
2011-03-22,5413.850098,510.83784
2011-03-21,5364.75,507.23583
2011-03-18,5373.700195,510.49904
2011-03-17,5446.649902,517.0254
2011-03-16,5511.149902,526.08596
2011-03-15,5449.649902,525.95544
2011-03-14,5531.50,538.21882
2011-03-11,5445.450195,530.07817
2011-03-10,5494.399902,536.38727
2011-03-09,5531.00,537.29887
2011-03-08,5520.799805,540.90922
2011-03-07,5463.149902,528.13415
2011-03-04,5538.75,531.51884
2011-03-03,5536.200195,525.25284
2011-03-01,5522.299805,535.02503
2011-02-28,5333.25,520.21919
2011-02-25,5303.549805,521.98964
2011-02-24,5262.700195,522.25
2011-02-23,5437.350098,534.40019
2011-02-22,5469.200195,545.34439
2011-02-21,5518.600098,549.40533
2011-02-18,5458.950195,538.13204
2011-02-17,5546.450195,540.39753
2011-02-16,5481.700195,538.60068
2011-02-15,5481.00,539.21721
2011-02-14,5456.00,538.87007
2011-02-11,5310.00,527.8134
2011-02-10,5225.799805,529.95668
2011-02-09,5253.549805,543.40868
2011-02-08,5312.549805,537.48982
2011-02-07,5396.00,535.90125
2011-02-04,5395.75,529.03672
2011-02-03,5526.75,541.13488
2011-02-02,5432.00,536.21369
2011-02-01,5417.200195,536.20535
2011-01-31,5505.899902,541.15221
2011-01-28,5512.149902,549.90868
2011-01-27,5604.299805,554.89928
2011-01-25,5687.399902,565.79072
2011-01-24,5743.25,570.13007
2011-01-21,5696.50,563.04896
2011-01-20,5711.600098,572.08312
2011-01-19,5691.049805,564.04667
2011-01-18,5724.049805,576.787
2011-01-17,5654.75,567.37929
2011-01-14,5654.549805,556.18375
2011-01-13,5751.899902,556.33995
2011-01-12,5863.25,586.21208
2011-01-11,5754.100098,577.25564
2011-01-10,5762.850098,589.41486
2011-01-07,5904.600098,585.0755
2011-01-06,6048.25,603.71668
2011-01-05,6079.799805,600.49725
2011-01-04,6146.350098,604.28948
2011-01-03,6157.600098,600.28062
2010-12-31,6134.50,597.57285
2010-12-30,6101.850098,598.30117
2010-12-29,6060.350098,591.00271
2010-12-28,5996.00,587.14034
2010-12-27,5998.100098,586.14263
2010-12-24,6011.600098,584.97066
2010-12-23,5980.00,584.58046
2010-12-22,5984.399902,578.43595
2010-12-21,6000.649902,577.8715
2010-12-20,5947.049805,581.46447
2010-12-16,5948.75,571.63185
2010-12-15,5892.299805,556.03586
2010-12-14,5944.100098,548.25973
2010-12-13,5907.649902,545.94287
2010-12-10,5857.350098,545.76027
2010-12-09,5766.50,547.01
2010-12-08,5903.700195,543.48644
2010-12-07,5976.549805,551.7229
2010-12-06,5992.25,545.61306
2010-12-03,5992.799805,542.41931
2010-12-02,6011.700195,537.81959
2010-12-01,5960.899902,529.81781
2010-11-30,5862.700195,529.57482
2010-11-29,5830.00,531.82226
2010-11-26,5751.950195,528.02168
2010-11-25,5799.75,531.89239
2010-11-24,5865.75,520.01087
2010-11-23,5934.75,522.8228
2010-11-22,6010.00,528.30772
2010-11-19,5890.299805,514.43916
2010-11-18,5998.799805,521.40781
2010-11-16,5988.700195,515.67986
2010-11-15,6121.600098,525.93879
2010-11-12,6071.649902,520.34971
2010-11-11,6194.25,530.20801
2010-11-10,6275.700195,535.06809
2010-11-09,6301.549805,531.10228
2010-11-08,6273.200195,523.48235
2010-11-05,6312.450195,534.89451
2010-11-04,6281.799805,534.11343
2010-11-03,6160.50,524.94943
2010-11-02,6119.00,525.41807
2010-11-01,6117.549805,521.00858
2010-10-29,6017.700195,515.81038
2010-10-28,5987.700195,515.66321
2010-10-27,6012.649902,517.28576
2010-10-26,6082.00,523.1269
2010-10-25,6105.799805,524.04613
2010-10-22,6066.049805,529.94765
2010-10-21,6101.50,526.70182
2010-10-20,5982.100098,517.00805
2010-10-19,6027.299805,515.56932
2010-10-18,6075.950195,532.15757
2010-10-15,6062.649902,526.89056
2010-10-14,6177.350098,545.55053
2010-10-13,6233.899902,540.00193
2010-10-12,6090.899902,526.70214
2010-10-11,6135.850098,526.57335
2010-10-08,6103.450195,526.89056
2010-10-07,6120.299805,522.97659
2010-10-06,6186.450195,531.60059
2010-10-05,6145.799805,528.32924
2010-10-04,6159.450195,527.25844
2010-10-01,6143.399902,531.31763
2010-09-30,6029.950195,522.47167
2010-09-29,5991.299805,519.14074
2010-09-28,6029.50,516.6655
2010-09-27,6035.649902,519.40588
2010-09-24,6018.299805,522.23191
2010-09-23,5959.549805,517.74449
2010-09-22,5991.00,516.27156
2010-09-21,6009.049805,523.95284
2010-09-20,5980.450195,515.29531
2010-09-17,5884.950195,508.70945
2010-09-16,5828.700195,507.99011
2010-09-15,5860.950195,522.87452
2010-09-14,5795.549805,509.64326
2010-09-13,5760.00,503.01492
2010-09-09,5640.049805,495.83855
2010-09-08,5607.850098,493.16666
2010-09-07,5604.00,490.69142
2010-09-06,5576.950195,484.98798
2010-09-03,5479.399902,475.70494
2010-09-02,5486.149902,471.51763
2010-09-01,5471.850098,475.48227
2010-08-31,5402.399902,464.8126
2010-08-30,5415.450195,462.51683
2010-08-27,5408.700195,464.1357
2010-08-26,5477.899902,473.68389
2010-08-25,5462.350098,474.58342
2010-08-24,5505.100098,473.6154
2010-08-23,5543.50,480.10667
2010-08-20,5530.649902,474.36079
2010-08-19,5540.200195,480.35539
2010-08-18,5479.149902,480.80891
2010-08-17,5414.149902,471.08944
2010-08-16,5418.299805,473.04195
2010-08-13,5452.100098,475.67069
2010-08-12,5416.450195,474.89172
2010-08-11,5420.600098,481.43438
2010-08-10,5460.700195,484.54337
2010-08-09,5486.149902,492.35277
2010-08-06,5439.25,490.49481
2010-08-05,5447.100098,491.42791
2010-08-04,5467.850098,492.32743
2010-08-03,5439.549805,476.87851
2010-08-02,5431.649902,479.04478
2010-07-30,5367.600098,477.58071
2010-07-29,5408.899902,485.2449
2010-07-28,5397.549805,485.06543
2010-07-27,5430.600098,484.50021
2010-07-26,5418.600098,480.32934
2010-07-23,5449.100098,477.2464
2010-07-22,5441.950195,471.77454
2010-07-21,5399.350098,474.71154
2010-07-20,5368.00,472.65625
2010-07-19,5386.450195,474.50602
2010-07-16,5393.899902,475.62821
2010-07-15,5378.75,472.64805
2010-07-14,5386.149902,469.78774
2010-07-13,5400.649902,479.0112
2010-07-12,5383.00,495.99268
2010-07-09,5352.450195,492.20755
2010-07-08,5296.850098,484.44882
2010-07-07,5241.100098,476.44209
2010-07-06,5289.049805,477.01554
2010-07-05,5235.899902,469.88162
2010-07-02,5237.100098,467.15014
2010-07-01,5251.399902,473.92437
2010-06-30,5312.50,478.02604
2010-06-29,5256.149902,478.46313
2010-06-28,5333.50,481.10898
2010-06-25,5269.049805,475.74809
2010-06-24,5320.600098,483.45542
2010-06-23,5323.149902,479.18248
2010-06-22,5316.549805,473.93261
2010-06-21,5353.299805,479.70454
2010-06-18,5262.600098,477.20392
2010-06-17,5274.850098,473.54758
2010-06-16,5233.350098,474.32651
2010-06-15,5222.350098,468.3833
2010-06-14,5197.700195,470.3872
2010-06-11,5119.350098,450.5797
2010-06-10,5078.600098,453.11457
2010-06-09,5000.299805,449.58563
2010-06-08,4987.100098,454.64713
2010-06-07,5034.00,457.58413
2010-06-04,5135.50,467.39814
2010-06-03,5110.50,462.09755
2010-06-02,5019.850098,452.20614
2010-06-01,4970.200195,449.48356
2010-05-31,5086.299805,455.24659
2010-05-28,5066.549805,458.57752
2010-05-27,5003.100098,452.73777
2010-05-26,4917.399902,448.91835
2010-05-25,4806.75,423.62938
2010-05-24,4943.950195,434.83297
2010-05-21,4931.149902,431.7147
2010-05-20,4947.600098,434.89184
2010-05-19,4919.649902,435.24302
2010-05-18,5066.200195,439.64885
2010-05-17,5059.899902,437.50045
2010-05-14,5093.50,443.44469
2010-05-13,5178.899902,452.51592
2010-05-12,5156.649902,448.42778
2010-05-11,5136.149902,444.92491
2010-05-10,5193.600098,447.42448
2010-05-07,5018.049805,437.58406
2010-05-06,5090.850098,444.48947
2010-05-05,5124.899902,450.31735
2010-05-04,5148.50,445.82721
2010-05-03,5222.75,450.63505
2010-04-30,5278.00,457.86689
2010-04-29,5254.149902,453.01757
2010-04-28,5215.450195,451.40427
2010-04-27,5308.350098,457.74984
2010-04-26,5322.450195,458.00067
2010-04-23,5304.100098,455.99406
2010-04-22,5269.350098,454.56466
2010-04-21,5244.899902,453.5694
2010-04-20,5230.100098,456.05293
2010-04-19,5203.649902,460.16646
2010-04-16,5262.600098,466.30338
2010-04-15,5273.600098,468.47721
2010-04-13,5322.950195,465.18299
2010-04-12,5339.700195,448.66191
2010-04-09,5361.75,447.50808
2010-04-08,5304.450195,445.42656
2010-04-07,5374.649902,442.0822
2010-04-06,5366.00,443.33568
2010-04-05,5368.399902,447.80039
2010-04-01,5290.50,446.54626
2010-03-31,5249.100098,437.43289
2010-03-30,5262.450195,442.14042
2010-03-29,5302.850098,454.27171
2010-03-26,5282.00,464.00447
2010-03-25,5260.399902,470.542
2010-03-23,5225.299805,464.11281
2010-03-22,5205.200195,461.08616
2010-03-19,5262.799805,463.58642
2010-03-18,5245.899902,466.13616
2010-03-17,5231.899902,457.89232
2010-03-16,5198.100098,456.89771
2010-03-15,5128.899902,451.69657
2010-03-12,5137.00,447.01447
2010-03-11,5133.399902,448.63648
2010-03-10,5116.25,444.67343
2010-03-09,5101.50,448.8037
2010-03-08,5124.00,444.72425
2010-03-05,5088.700195,440.73577
2010-03-04,5080.25,438.74589
2010-03-03,5088.100098,445.84395
2010-03-02,5017.00,441.62203
2010-02-26,4922.299805,435.09184
2010-02-25,4859.75,437.66767
2010-02-24,4858.600098,430.80305
2010-02-23,4870.049805,431.63914
2010-02-22,4856.399902,429.474
2010-02-19,4844.899902,423.46217
2010-02-18,4887.75,423.67086
2010-02-17,4914.00,421.1626
2010-02-16,4855.75,424.97517
2010-02-15,4801.950195,417.81824
2010-02-11,4826.850098,417.78481
2010-02-10,4757.200195,412.51745
2010-02-09,4792.649902,413.66323
2010-02-08,4760.399902,401.92456
2010-02-05,4718.649902,393.41315
2010-02-04,4845.350098,406.18057
2010-02-03,4931.850098,413.56289
2010-02-02,4830.100098,408.00257
2010-02-01,4899.700195,409.89214
2010-01-29,4882.049805,413.94749
2010-01-28,4867.25,416.66511
2010-01-27,4853.100098,418.42024
2010-01-25,5007.899902,425.11765
2010-01-22,5036.00,430.68601
2010-01-21,5094.149902,438.97998
2010-01-20,5221.700195,444.41456
2010-01-19,5225.649902,440.7692
2010-01-18,5274.850098,449.25518
2010-01-15,5252.200195,447.44121
2010-01-14,5259.899902,449.77422
2010-01-13,5233.950195,448.72878
2010-01-12,5210.399902,432.58358
2010-01-11,5249.399902,416.31328
2010-01-08,5244.75,412.05793
2010-01-07,5263.100098,422.23347
2010-01-06,5281.799805,431.94014
2010-01-05,5277.899902,438.33654
2010-01-04,5232.200195,436.87306
2009-12-31,5201.049805,434.95006
2009-12-30,5169.450195,431.42175
2009-12-29,5187.950195,430.94483
2009-12-24,5178.399902,433.39492
2009-12-23,5144.600098,432.04914
2009-12-22,4985.850098,418.44563
2009-12-21,4952.600098,419.73324
2009-12-18,4987.700195,422.38329
2009-12-17,5041.75,427.91017
2009-12-16,5042.049805,425.55239
2009-12-15,5033.049805,419.05633
2009-12-14,5105.700195,417.83563
2009-12-11,5117.299805,411.48136
2009-12-10,5134.649902,410.1764
2009-12-09,5112.00,410.77905
2009-12-08,5147.950195,409.09818
2009-12-07,5066.700195,399.75073
2009-12-04,5108.899902,398.5802
2009-12-03,5131.700195,397.46785
2009-12-02,5123.25,400.55334
2009-12-01,5122.00,400.61221
2009-11-30,5032.700195,397.86985
2009-11-27,4941.75,389.25814
2009-11-26,5005.549805,400.22694
2009-11-25,5108.149902,407.76913
2009-11-24,5090.549805,407.125
2009-11-23,5103.549805,402.48438
2009-11-20,5052.450195,405.78726
2009-11-19,4989.00,402.98604
2009-11-18,5054.700195,406.89091
2009-11-17,5062.25,401.03829
2009-11-16,5058.049805,393.28741
2009-11-13,4998.950195,394.58367
2009-11-12,4952.649902,389.01531
2009-11-11,5003.950195,385.72983
2009-11-10,4881.700195,370.88023
2009-11-09,4898.399902,373.24671
2009-11-06,4796.149902,370.98928
2009-11-05,4765.549805,371.49893
2009-11-04,4710.799805,374.09081
2009-11-03,4563.899902,358.35629
2009-10-30,4711.700195,368.91575
2009-10-29,4750.549805,369.27562
2009-10-28,4826.149902,377.36025
2009-10-27,4846.700195,375.0025
2009-10-26,4970.899902,380.23638
2009-10-23,4997.049805,377.91207
2009-10-22,4988.600098,370.07758
2009-10-21,5063.600098,370.65484
2009-10-20,5114.450195,365.93127
2009-10-16,5142.149902,366.19814
2009-10-15,5108.850098,370.78858
2009-10-14,5118.200195,370.52975
2009-10-12,5054.25,367.82744
2009-10-09,4945.200195,357.67666
2009-10-08,5002.25,363.12984
2009-10-07,4985.75,370.02055
2009-10-06,5027.399902,379.81003
2009-10-05,5003.200195,381.57543
2009-10-01,5083.399902,383.81778
2009-09-30,5083.950195,378.83237
2009-09-29,5006.850098,377.01773
2009-09-25,4958.950195,368.00814
2009-09-24,4986.549805,375.22671
2009-09-23,4969.950195,388.77756
2009-09-22,5020.200195,395.87327
2009-09-18,4976.049805,388.33409
2009-09-17,4965.549805,387.9484
2009-09-16,4958.399902,381.07477
2009-09-15,4892.100098,372.94426
2009-09-14,4808.600098,369.59284
2009-09-11,4829.549805,372.42652
2009-09-10,4819.399902,367.97529
2009-09-09,4814.25,359.66409
2009-09-08,4805.25,361.98007
2009-09-07,4782.899902,365.33081
2009-09-04,4680.399902,361.5287
2009-09-03,4593.549805,359.25346
2009-09-02,4608.350098,355.58276
2009-09-01,4625.350098,352.30556
2009-08-31,4662.100098,350.04677
2009-08-28,4732.350098,359.8198
2009-08-27,4688.200195,360.00904
2009-08-26,4680.850098,358.01302
2009-08-25,4659.350098,344.10937
2009-08-24,4642.799805,340.97213
2009-08-21,4528.799805,333.94213
2009-08-20,4453.450195,326.93643
2009-08-19,4394.100098,320.53911
2009-08-18,4458.899902,324.12771
2009-08-17,4387.899902,325.63095
2009-08-14,4580.049805,335.46114
2009-08-13,4605.00,338.9847
2009-08-12,4457.50,335.53539
2009-08-11,4471.350098,342.41756
2009-08-10,4437.649902,342.91032
2009-08-07,4481.399902,335.01831
2009-08-06,4585.50,338.09771
2009-08-05,4694.149902,344.7007
2009-08-04,4680.50,335.69174
2009-08-03,4711.399902,341.06216
2009-07-31,4636.450195,339.07536
2009-07-30,4571.450195,330.79636
2009-07-29,4513.50,325.99229
2009-07-28,4564.100098,328.02115
2009-07-27,4572.299805,333.08802
2009-07-24,4568.549805,329.10521
2009-07-23,4523.75,321.73026
2009-07-22,4398.899902,315.33231
2009-07-21,4469.100098,319.16793
2009-07-20,4502.25,323.80774
2009-07-17,4374.950195,306.54479
2009-07-16,4231.399902,294.84999
2009-07-15,4233.50,294.28365
2009-07-14,4111.399902,297.59302
2009-07-13,3974.050049,290.74367
2009-07-10,4003.899902,282.70383
2009-07-09,4080.949951,275.54242
2009-07-08,4078.899902,280.28078
2009-07-07,4202.149902,285.45474
2009-07-06,4165.700195,289.28182
2009-07-03,4424.25,296.50106
2009-07-02,4348.850098,295.10491
2009-07-01,4340.899902,294.86641
2009-06-30,4291.100098,291.79489
2009-06-29,4390.950195,292.85399
2009-06-26,4375.50,300.10607
2009-06-25,4241.850098,288.93689
2009-06-24,4292.950195,288.68263
2009-06-23,4247.00,287.0066
2009-06-22,4235.25,290.13594
2009-06-19,4313.600098,290.79295
2009-06-18,4251.399902,283.45939
2009-06-17,4356.149902,281.10993
2009-06-16,4517.799805,283.27872
2009-06-15,4484.00,281.70977
2009-06-12,4583.399902,283.90222
2009-06-11,4637.700195,287.59791
2009-06-10,4655.25,297.10026
2009-06-09,4550.950195,294.80072
2009-06-08,4429.899902,286.1446
2009-06-05,4586.899902,279.04889
2009-06-04,4572.649902,267.71545
2009-06-03,4530.700195,260.75112
2009-06-02,4525.25,268.24118
2009-06-01,4529.899902,266.31085
2009-05-29,4448.950195,254.96901
2009-05-28,4337.100098,250.82304
2009-05-27,4276.049805,252.27683
2009-05-26,4116.700195,245.84343
2009-05-25,4237.549805,240.02955
2009-05-22,4238.50,241.8163
2009-05-21,4210.899902,238.65519
2009-05-20,4270.299805,243.1824
2009-05-19,4318.450195,247.6378
2009-05-18,4323.149902,285.94462
2009-05-15,3671.649902,253.01517
2009-05-14,3593.449951,248.94861
2009-05-13,3635.25,250.02054
2009-05-12,3681.100098,253.91234
2009-05-11,3554.600098,241.07795
2009-05-08,3620.699951,241.56212
2009-05-07,3683.899902,246.65356
2009-05-06,3625.050049,249.90935
2009-05-05,3661.899902,251.30785
2009-05-04,3654.00,258.63842
2009-04-29,3473.949951,239.74299
2009-04-28,3362.350098,227.27394
2009-04-27,3470.00,228.09171
2009-04-24,3480.75,230.10909
2009-04-23,3423.699951,230.40265
2009-04-22,3330.300049,219.38676
2009-04-21,3365.300049,216.42391
2009-04-20,3377.100098,221.34824
2009-04-17,3384.399902,221.96013
2009-04-16,3369.50,213.68407
2009-04-15,3484.149902,217.71885
2009-04-13,3382.600098,223.86632
2009-04-09,3342.050049,226.67795
2009-04-08,3342.949951,226.38439
2009-04-06,3256.600098,224.62117
2009-04-02,3211.050049,225.4707
2009-04-01,3060.350098,218.21953
2009-03-31,3020.949951,210.30059
2009-03-30,2978.149902,206.7106
2009-03-27,3108.649902,213.63643
2009-03-26,3082.25,219.07732
2009-03-25,2984.350098,212.69095
2009-03-24,2938.699951,209.80052
2009-03-23,2939.899902,211.47608
2009-03-20,2807.050049,205.90045
2009-03-19,2807.149902,206.0593
2009-03-18,2794.699951,203.01766
2009-03-17,2757.449951,201.02379
2009-03-16,2777.25,204.56613
2009-03-13,2719.25,206.0358
2009-03-12,2617.449951,195.03518
2009-03-09,2573.149902,190.94512
2009-03-06,2620.149902,193.69258
2009-03-05,2576.699951,187.75161
2009-03-04,2645.199951,190.49207
2009-03-03,2622.399902,190.23792
2009-03-02,2674.600098,193.64556
2009-02-27,2763.649902,195.58289
2009-02-26,2785.649902,196.33773
2009-02-25,2762.50,193.39076
2009-02-24,2733.899902,188.3241
2009-02-20,2736.449951,186.98977
2009-02-19,2789.350098,192.02466
2009-02-18,2776.149902,187.25156
2009-02-17,2770.50,186.48082
2009-02-16,2848.50,194.02616
2009-02-13,2948.350098,198.82404
2009-02-12,2893.050049,199.28471
2009-02-11,2925.699951,206.80591
2009-02-10,2934.50,207.83843
2009-02-09,2919.899902,208.42616
2009-02-06,2843.100098,204.74087
2009-02-05,2780.050049,199.49058
2009-02-04,2803.050049,203.58952
2009-02-03,2783.899902,203.72423
2009-02-02,2766.649902,203.27182
2009-01-30,2874.800049,207.56075
2009-01-29,2823.949951,208.11672
2009-01-28,2849.50,204.39139
2009-01-27,2771.350098,198.8952
2009-01-23,2678.550049,191.35812
2009-01-22,2713.800049,195.52761
2009-01-21,2706.149902,194.4074
2009-01-20,2796.600098,198.83992
2009-01-19,2846.199951,200.47608
2009-01-16,2828.449951,201.32561
2009-01-15,2736.699951,198.83166
2009-01-14,2835.300049,207.07594
2009-01-13,2744.949951,195.09108
2009-01-12,2773.100098,184.21752
2009-01-09,2873.00,191.15925
2009-01-07,2920.399902,188.6418
2009-01-06,3112.800049,185.62367
2009-01-05,3121.449951,186.29847
2009-01-02,3046.75,179.83329
2009-01-01,3033.449951,182.38314
2008-12-31,2959.149902,177.18813
2008-12-30,2979.50,179.16613
2008-12-29,2922.199951,176.91872
2008-12-26,2857.25,176.20327
2008-12-24,2916.850098,186.48908
2008-12-23,2968.649902,186.81504
2008-12-22,3039.300049,188.52236
2008-12-19,3077.50,189.23718
2008-12-18,3060.75,186.97389
2008-12-17,2954.350098,181.33474
2008-12-16,3041.75,178.6737
2008-12-15,2981.199951,175.09959
2008-12-12,2921.350098,175.50433
2008-12-11,2920.149902,180.27807
2008-12-10,2928.25,186.44967
2008-12-08,2784.00,183.90809
2008-12-05,2714.399902,180.21453
2008-12-04,2788.00,189.41191
2008-12-03,2656.449951,183.71747
2008-12-02,2657.800049,191.94524
2008-12-01,2682.899902,195.57525
2008-11-28,2755.100098,197.58439
2008-11-26,2752.25,188.57
2008-11-25,2654.00,187.75161
2008-11-24,2708.25,190.01552
2008-11-21,2693.449951,188.18114
2008-11-20,2553.149902,178.20477
2008-11-19,2635.00,186.28257
2008-11-18,2683.149902,187.5216
2008-11-17,2799.550049,195.76588
2008-11-14,2810.350098,192.71596
2008-11-12,2848.449951,200.06243
2008-11-11,2938.649902,199.62591
2008-11-10,3148.25,212.61979
2008-11-07,2973.00,200.5949
2008-11-06,2892.649902,197.87856
2008-11-05,2994.949951,209.99877
2008-11-04,3142.100098,211.57139
2008-11-03,3043.850098,218.98964
2008-10-31,2885.600098,220.63342
2008-10-29,2697.050049,207.19477
2008-10-28,2684.600098,203.22354
2008-10-27,2524.199951,198.84756
2008-10-24,2584.00,197.94211
2008-10-23,2943.149902,203.84305
2008-10-22,3065.149902,206.43292
2008-10-21,3234.899902,214.06531
2008-10-20,3122.800049,205.63868
2008-10-17,3074.350098,191.0563
2008-10-16,3269.300049,200.62666
2008-10-15,3338.399902,205.77338
2008-10-14,3518.649902,215.41148
2008-10-13,3490.699951,203.17725
2008-10-10,3279.949951,188.79252
2008-10-08,3513.649902,193.26858
2008-10-07,3606.600098,200.59592
2008-10-06,3602.350098,203.19266
2008-10-03,3818.300049,214.47954
2008-10-01,3950.75,223.32438
2008-09-30,3921.199951,215.4275
2008-09-29,3850.050049,214.69527
2008-09-26,3985.25,222.95455
2008-09-25,4110.549805,232.19201
2008-09-24,4161.25,234.88121
2008-09-23,4126.899902,237.90879
2008-09-22,4223.049805,251.15324
2008-09-19,4245.25,250.39018
2008-09-18,4038.149902,235.05071
2008-09-17,4008.25,243.31
2008-09-16,4074.899902,241.36845
2008-09-15,4072.899902,243.17932
2008-09-12,4228.450195,253.32592
2008-09-11,4290.299805,269.76005
2008-09-10,4400.25,271.16228
2008-09-09,4468.700195,269.57453
2008-09-08,4482.299805,269.6676
2008-09-05,4352.299805,263.85036
2008-09-04,4447.75,275.66915
2008-09-02,4504.00,273.55009
2008-09-01,4348.649902,265.54536
2008-08-29,4360.00,269.5209
2008-08-28,4214.00,261.86258
2008-08-27,4292.100098,263.21857
2008-08-26,4337.50,261.64685
2008-08-25,4335.350098,262.94861
2008-08-22,4327.450195,261.41571
2008-08-21,4283.850098,256.01451
2008-08-20,4415.75,261.84717
2008-08-19,4368.25,260.83817
2008-08-18,4393.049805,262.62502
2008-08-14,4430.700195,260.95344
2008-08-13,4529.049805,250.54427
2008-08-12,4552.25,247.14687
2008-08-11,4620.399902,257.39393
2008-08-08,4529.50,258.81157
2008-08-07,4523.850098,265.98482
2008-08-06,4517.549805,261.85457
2008-08-05,4502.850098,258.65008
2008-08-04,4395.350098,255.61387
2008-08-01,4413.549805,252.6245
2008-07-31,4332.950195,243.99539
2008-07-30,4313.549805,246.86211
2008-07-29,4189.850098,237.4083
2008-07-28,4332.100098,237.21538
2008-07-25,4311.850098,238.94182
2008-07-24,4433.549805,241.50714
2008-07-23,4476.799805,246.89232
2008-07-22,4240.100098,243.20214
2008-07-21,4159.50,240.58259
2008-07-18,4092.25,238.44072
2008-07-17,3947.199951,243.8185
2008-07-16,3816.699951,238.47153
2008-07-15,3861.100098,238.01727
2008-07-14,4039.699951,239.69687
2008-07-11,4049.00,258.38751
2008-07-10,4162.200195,278.17283
2008-07-09,4157.100098,280.73875
2008-07-08,3988.550049,267.59476
2008-07-07,4030.00,277.33334
2008-07-04,4016.00,270.55333
2008-07-03,3925.75,268.58896
2008-07-02,4093.350098,280.53842
2008-07-01,3896.75,264.57458
2008-06-30,4040.550049,267.62559
2008-06-27,4136.649902,262.79452
2008-06-26,4315.850098,275.06819
2008-06-25,4252.649902,269.15909
2008-06-24,4191.100098,276.50864
2008-06-23,4266.399902,284.42153
2008-06-20,4347.549805,281.52461
2008-06-19,4504.25,286.97944
2008-06-18,4582.399902,286.98684
2008-06-17,4653.00,294.55333
2008-06-16,4572.50,293.97519
2008-06-13,4517.100098,287.63463
2008-06-12,4539.350098,288.90558
2008-06-11,4523.600098,291.67121
2008-06-10,4449.799805,285.69309
2008-06-09,4500.950195,293.00441
2008-06-06,4627.799805,307.18881
2008-06-05,4676.950195,305.03153
2008-06-04,4585.600098,288.25839
2008-06-03,4715.899902,296.2015
2008-06-02,4739.600098,300.60111
2008-05-30,4870.100098,302.4502
2008-05-29,4835.299805,290.53093
2008-05-28,4918.350098,277.76479
2008-05-27,4859.799805,273.6236
2008-05-26,4875.049805,273.90724
2008-05-23,4946.549805,264.44789
2008-05-22,5025.450195,269.49464
2008-05-21,5117.649902,270.50688
2008-05-20,5104.950195,272.97211
2008-05-16,5157.700195,270.61505
2008-05-15,5115.25,273.75298
2008-05-14,5011.75,263.89088
2008-05-13,4957.799805,252.87944
2008-05-12,5012.649902,256.44369
2008-05-09,4982.600098,252.96564
2008-05-08,5081.700195,258.07079
2008-05-07,5135.50,266.67483
2008-05-06,5144.649902,261.36722
2008-05-05,5192.25,258.2582
2008-05-02,5228.200195,258.47511
2008-04-30,5165.899902,253.50819
2008-04-29,5195.50,252.99513
2008-04-28,5089.649902,240.5735
2008-04-25,5111.700195,243.55933
2008-04-24,4999.850098,245.25873
2008-04-23,5022.799805,238.30262
2008-04-22,5049.299805,231.16661
2008-04-21,5037.00,237.99201
2008-04-17,4958.399902,239.91526
2008-04-16,4887.299805,231.39798
2008-04-15,4879.649902,218.4124
2008-04-11,4777.799805,205.6148
2008-04-10,4733.00,210.05419
2008-04-09,4747.049805,214.00887
2008-04-08,4709.649902,212.12899
2008-04-07,4761.200195,215.75917
2008-04-04,4647.00,214.8042
2008-04-03,4771.600098,220.16213
2008-04-02,4754.200195,214.42129
2008-04-01,4739.549805,205.78138
2008-03-31,4734.50,208.2177
2008-03-28,4942.00,219.97413
2008-03-27,4830.25,208.4855
2008-03-26,4828.850098,216.8362
2008-03-25,4877.50,215.79504
2008-03-24,4609.850098,196.72849
2008-03-19,4573.950195,194.30663
2008-03-18,4533.00,190.09861
2008-03-17,4503.100098,193.45347
2008-03-14,4745.799805,198.13868
2008-03-13,4623.600098,193.43899
2008-03-12,4872.00,200.30082
2008-03-11,4865.899902,206.25801
2008-03-10,4800.399902,206.94517
2008-03-07,4771.600098,206.86593
2008-03-05,4921.399902,213.84287
2008-03-04,4864.25,205.20296
2008-03-03,4953.00,212.26666
2008-02-29,5223.50,223.87849
2008-02-28,5285.100098,231.27479
2008-02-27,5268.399902,234.10212
2008-02-26,5270.049805,240.45725
2008-02-25,5200.700195,233.56013
2008-02-22,5110.75,228.57123
2008-02-21,5191.799805,235.35324
2008-02-20,5154.450195,226.87183
2008-02-19,5280.799805,225.07872
2008-02-18,5276.899902,224.88379
2008-02-15,5302.899902,226.36571
2008-02-14,5202.00,223.6691
2008-02-13,4929.450195,223.4736
2008-02-12,4838.25,223.45162
2008-02-11,4857.00,225.28811
2008-02-08,5120.350098,224.47832
2008-02-07,5133.25,214.35592
2008-02-06,5322.549805,218.34704
2008-02-05,5483.899902,232.71391
2008-02-04,5463.50,237.16081
2008-02-01,5317.25,230.58819
2008-01-31,5137.450195,216.77141
2008-01-30,5167.600098,215.93213
2008-01-29,5280.799805,215.83841
2008-01-28,5274.100098,209.15012
2008-01-25,5383.350098,219.77864
2008-01-24,5033.450195,205.70908
2008-01-23,5203.399902,205.62926
2008-01-22,4899.299805,199.68597
2008-01-21,5208.799805,201.16094
2008-01-18,5705.299805,212.33896
2008-01-17,5913.200195,215.52029
2008-01-16,5935.75,216.22886
2008-01-15,6074.25,217.21217
2008-01-14,6206.799805,221.17437
2008-01-11,6200.100098,228.7303
2008-01-10,6156.950195,231.7381
2008-01-09,6272.00,239.02565
2008-01-08,6287.850098,240.37049
2008-01-07,6279.100098,236.6975
2008-01-04,6274.299805,245.09215
2008-01-03,6178.549805,247.1386
2008-01-02,6179.399902,252.81409
2008-01-01,6144.350098,252.60412
2007-12-31,6138.600098,255.93757
2007-12-28,6079.700195,259.74765
2007-12-27,6081.50,260.63726
2007-12-26,6070.75,262.86419
2007-12-24,5985.100098,261.75823
2007-12-20,5766.50,245.18643
2007-12-19,5751.149902,237.06653
2007-12-18,5742.299805,233.96445
2007-12-17,5777.00,234.88993
2007-12-14,6047.700195,238.06432
2007-12-13,6058.100098,240.03789
2007-12-12,6159.299805,243.76928
2007-12-11,6097.25,252.23567
2007-12-10,5960.600098,252.87192
2007-12-07,5974.299805,249.05435
2007-12-06,5954.700195,236.48059
2007-12-05,5940.00,231.87519
2007-12-04,5858.350098,233.58154
2007-12-03,5865.00,231.41939
2007-11-30,5762.75,231.73058
2007-11-29,5634.600098,226.63295
2007-11-28,5617.549805,226.92968
2007-11-27,5698.149902,227.55899
2007-11-26,5731.700195,227.89101
2007-11-23,5608.600098,225.22333
2007-11-22,5519.350098,221.47804
2007-11-21,5561.049805,223.71942
2007-11-20,5780.899902,226.40908
2007-11-19,5907.649902,234.25366
2007-11-16,5906.850098,234.98421
2007-11-15,5912.100098,238.20892
2007-11-14,5937.899902,246.97896
2007-11-13,5695.399902,235.2954
2007-11-12,5617.100098,237.42053
2007-11-09,5663.25,245.99622
2007-11-08,5698.75,248.19365
2007-11-07,5782.350098,252.46704
2007-11-06,5786.50,267.77383
2007-11-05,5847.299805,268.09891
2007-11-02,5932.399902,277.23104
2007-11-01,5866.450195,270.9835
2007-10-31,5900.649902,265.70539
2007-10-30,5868.75,268.12782
2007-10-29,5905.899902,269.0533
2007-10-26,5702.299805,267.26714
2007-10-25,5568.950195,265.64813
2007-10-24,5496.149902,266.72515
2007-10-23,5473.700195,272.35725
2007-10-22,5184.00,272.83502
2007-10-19,5215.299805,276.1465
2007-10-18,5351.00,273.30471
2007-10-17,5559.299805,269.87756
2007-10-16,5668.049805,266.45794
2007-10-15,5670.399902,275.23142
2007-10-12,5428.25,275.50267
2007-10-11,5524.850098,282.23399
2007-10-10,5441.450195,303.39302
2007-10-09,5327.25,292.30668
2007-10-08,5085.100098,286.06078
2007-10-05,5185.850098,283.09803
2007-10-04,5208.649902,285.38235
2007-10-03,5210.799805,285.76097
2007-10-01,5068.950195,272.02595
2007-09-28,5021.350098,270.22762
2007-09-27,5000.549805,273.52504
2007-09-26,4940.50,260.57639
2007-09-25,4938.850098,252.89482
2007-09-24,4932.200195,251.7104
2007-09-21,4837.549805,260.68319
2007-09-20,4747.549805,257.04256
2007-09-19,4732.350098,264.35236
2007-09-18,4546.200195,257.63534
2007-09-17,4494.649902,257.67075
