,INFY.NS,^NSEI
2006-10-30,299.70662000000004,
2006-10-31,295.17096000000004,
2006-11-01,296.29051,
2006-11-02,293.65699,
2006-11-03,292.26923999999997,
2006-11-06,291.57903999999996,
2006-11-07,296.13613,
2006-11-08,299.44633,
2006-11-09,301.03746,
2006-11-10,301.41104,
2006-11-13,304.27723,
2006-11-14,311.37712,
2006-11-15,313.08095,
2006-11-16,309.88344,
2006-11-17,307.97507,
2006-11-20,317.46901,
2006-11-21,317.84933,
2006-11-22,313.49001,
2006-11-23,315.10989,
2006-11-24,314.89128,
2006-11-27,312.39807,
2006-11-28,304.94659,
2006-11-29,303.78422,
2006-11-30,307.03131,
2006-12-01,309.1938,
2006-12-04,310.91172,
2006-12-05,315.39839,
2006-12-06,316.77878,
2006-12-07,313.24323,
2006-12-08,309.26423,
2006-12-11,309.15831000000003,
2006-12-12,304.85477000000003,
2006-12-13,302.79821,
2006-12-14,309.34143,
2006-12-15,314.60956,
2006-12-18,313.34182000000004,
2006-12-19,303.91834,
2006-12-20,305.76358,
2006-12-21,304.77756,
2006-12-22,306.20026,
2006-12-26,312.6302,
2006-12-27,317.30672999999996,
2006-12-28,316.68019,
2006-12-29,315.7787,
2007-01-02,320.12392,
2007-01-03,325.57576,
2007-01-04,321.90609,
2007-01-05,320.46255,
2007-01-08,310.67959,
2007-01-09,308.49627000000004,
2007-01-10,304.88293,
2007-01-11,307.49616000000003,
2007-01-12,313.18687,
2007-01-15,315.9404,
2007-01-16,313.01784,
2007-01-17,310.65817000000004,
2007-01-18,313.29222999999996,
2007-01-19,310.22208,
2007-01-22,317.49717999999996,
2007-01-23,314.84168999999997,
2007-01-24,314.68731,
2007-01-25,315.666,
2007-01-29,316.14491,
2007-01-31,316.55343,
2007-02-01,319.60274,
2007-02-02,319.12439,
2007-02-05,319.65233,
2007-02-06,320.16618,
2007-02-07,332.01302000000004,
2007-02-08,334.35805,
2007-02-09,332.60407999999995,
2007-02-12,331.19548,
2007-02-13,324.56831,
2007-02-14,321.81423,
2007-02-15,335.66072,
2007-02-19,334.69613,
2007-02-20,332.42095,
2007-02-21,325.51207,
2007-02-22,322.21597,
2007-02-23,315.20116,
2007-02-26,312.44707999999997,
2007-02-27,308.0596,
2007-02-28,292.64281,
2007-03-01,304.13637,
2007-03-02,294.88924,
2007-03-05,282.7263,
2007-03-06,297.83996,
2007-03-07,293.74152000000004,
2007-03-08,300.84082,
2007-03-09,298.75555,
2007-03-12,297.95998,
2007-03-13,296.51645,
2007-03-14,284.53607,
2007-03-15,292.90311,
2007-03-16,288.40238,
2007-03-19,294.00858999999997,
2007-03-20,289.59291,
2007-03-21,294.95234,
2007-03-22,298.48848,
2007-03-23,294.76248,
2007-03-26,289.90957000000003,
2007-03-28,280.59933,
2007-03-29,280.40887999999995,
2007-03-30,284.34619,
2007-04-02,270.86537999999996,
2007-04-03,276.73978,
2007-04-04,280.91598999999997,
2007-04-05,280.63427,
2007-04-09,288.41702999999995,
2007-04-10,281.55661000000003,
2007-04-11,281.19038,
2007-04-12,288.17701,
2007-04-13,293.95955,
2007-04-16,299.84747999999996,
2007-04-17,293.37527,
2007-04-18,292.46646,
2007-04-19,287.33918,
2007-04-20,289.48025,
2007-04-23,291.47312,
2007-04-24,289.87462999999997,
2007-04-25,284.32478,
2007-04-26,284.3738,
2007-04-27,282.44458,
2007-04-30,288.88187,
2007-05-03,293.21976,
2007-05-04,291.84666,
2007-05-07,287.61357000000004,
2007-05-08,282.03553999999997,
2007-05-09,278.9862,
2007-05-10,278.0847,
2007-05-11,281.80339,
2007-05-14,281.98652000000004,
2007-05-15,277.97878,
2007-05-16,274.91536,
2007-05-17,279.3947,
2007-05-18,279.16933,
2007-05-21,276.14085,
2007-05-22,274.21839,
2007-05-23,271.26034,
2007-05-24,272.84474,
2007-05-25,279.67642,
2007-05-28,277.71171,
2007-05-29,275.19707999999997,
2007-05-30,268.4995,
2007-05-31,270.94313,
2007-06-01,68.26584,
2007-06-04,269.92895,
2007-06-05,273.71806000000004,
2007-06-06,276.73735,
2007-06-07,279.42199,
2007-06-08,278.52198,
2007-06-11,282.65545,
2007-06-12,284.04031000000003,
2007-06-13,283.93351,
2007-06-14,288.28056000000004,
2007-06-15,286.88142999999997,
2007-06-18,284.03288,
2007-06-19,279.34317999999996,
2007-06-20,279.00052999999997,
2007-06-21,279.60702000000003,
2007-06-22,278.51513,
2007-06-25,276.49521,
2007-06-26,274.42505,
2007-06-27,276.30905,
2007-06-28,274.83909,
2007-06-29,275.41016,
2007-07-02,277.52259,
2007-07-03,278.02971,
2007-07-04,275.6957,
2007-07-05,273.66096,
2007-07-06,281.51329,
2007-07-09,284.64736,
2007-07-10,288.46617000000003,
2007-07-11,275.49582000000004,
2007-07-12,274.4319,
2007-07-13,276.94466,
2007-07-16,276.38043,
2007-07-17,276.76648,
2007-07-18,277.62309,
2007-07-19,285.03969,
2007-07-20,283.57603,
2007-07-23,278.08682000000005,
2007-07-24,281.98442,
2007-07-25,283.94722,
2007-07-26,290.44325,
2007-07-27,286.65985,
2007-07-30,283.59772000000004,
2007-07-31,282.08437000000004,
2007-08-01,275.47413,
2007-08-02,271.1482,
2007-08-03,273.63982000000004,
2007-08-06,266.30832000000004,
2007-08-07,268.18545,
2007-08-08,280.8634,
2007-08-09,276.152,
2007-08-10,279.81433,
2007-08-13,278.38662999999997,
2007-08-14,279.17186,
2007-08-16,273.1327,
2007-08-17,264.77382,
2007-08-20,261.15432000000004,
2007-08-21,251.46712000000002,
2007-08-22,255.37215,
2007-08-23,258.63473,
2007-08-24,260.64035,
2007-08-27,263.79556,
2007-08-28,268.44244,
2007-08-29,262.30334,
2007-08-30,266.29402999999996,
2007-08-31,264.77382,
2007-09-03,265.64471000000003,
2007-09-04,269.79188,
2007-09-05,270.556,
2007-09-06,271.80495,
2007-09-07,272.47596,
2007-09-10,267.19347999999997,
2007-09-11,260.24061,
2007-09-12,260.10469,
2007-09-13,261.87503,
2007-09-14,262.2822,
2007-09-17,257.67075,4494.649902
2007-09-18,257.63534,4546.200195
2007-09-19,264.35236000000003,4732.350098
2007-09-20,257.04256000000004,4747.549805
2007-09-21,260.68318999999997,4837.549805
2007-09-24,251.7104,4932.200195
2007-09-25,252.89482,4938.850098
2007-09-26,260.57639,4940.5
2007-09-27,273.52504,5000.549805
2007-09-28,270.22762,5021.350098
2007-10-01,272.02595,5068.950195
2007-10-03,285.76097000000004,5210.799805
2007-10-04,285.38235,5208.649902
2007-10-05,283.09803,5185.850098
2007-10-08,286.06077999999997,5085.100098
2007-10-09,292.30668,5327.25
2007-10-10,303.39302000000004,5441.450195
2007-10-11,282.23399,5524.850098
2007-10-12,275.50267,5428.25
2007-10-15,275.23142,5670.399902
2007-10-16,266.45794,5668.049805
2007-10-17,269.87756,5559.299805
2007-10-18,273.30471,5351.0
2007-10-19,276.1465,5215.299805
2007-10-22,272.83502000000004,5184.0
2007-10-23,272.35725,5473.700195
2007-10-24,266.72515,5496.149902
2007-10-25,265.64813,5568.950195
2007-10-26,267.26714,5702.299805
2007-10-29,269.0533,5905.899902
2007-10-30,268.12782000000004,5868.75
2007-10-31,265.70538999999997,5900.649902
2007-11-01,270.9835,5866.450195
2007-11-02,277.23104,5932.399902
2007-11-05,268.09891,5847.299805
2007-11-06,267.77383,5786.5
2007-11-07,252.46704,5782.350098
2007-11-08,248.19365,5698.75
2007-11-09,245.99622000000002,5663.25
2007-11-12,237.42052999999999,5617.100098
2007-11-13,235.2954,5695.399902
2007-11-14,246.97896,5937.899902
2007-11-15,238.20892,5912.100098
2007-11-16,234.98421000000002,5906.850098
2007-11-19,234.25366,5907.649902
2007-11-20,226.40908,5780.899902
2007-11-21,223.71942,5561.049805
2007-11-22,221.47804,5519.350098
2007-11-23,225.22332999999998,5608.600098
2007-11-26,227.89101000000002,5731.700195
2007-11-27,227.55899,5698.149902
2007-11-28,226.92968,5617.549805
2007-11-29,226.63295,5634.600098
2007-11-30,231.73057999999997,5762.75
2007-12-03,231.41939,5865.0
2007-12-04,233.58154,5858.350098
2007-12-05,231.87519,5940.0
2007-12-06,236.48058999999998,5954.700195
2007-12-07,249.05435,5974.299805
2007-12-10,252.87192000000002,5960.600098
2007-12-11,252.23567000000003,6097.25
2007-12-12,243.76927999999998,6159.299805
2007-12-13,240.03789,6058.100098
2007-12-14,238.06432,6047.700195
2007-12-17,234.88993,5777.0
2007-12-18,233.96445,5742.299805
2007-12-19,237.06652999999997,5751.149902
2007-12-20,245.18642999999997,5766.5
2007-12-24,261.75822999999997,5985.100098
2007-12-26,262.86419,6070.75
2007-12-27,260.63726,6081.5
2007-12-28,259.74765,6079.700195
2007-12-31,255.93757000000002,6138.600098
2008-01-01,252.60412000000002,6144.350098
2008-01-02,252.81409,6179.399902
2008-01-03,247.1386,6178.549805
2008-01-04,245.09215,6274.299805
2008-01-07,236.6975,6279.100098
2008-01-08,240.37049,6287.850098
2008-01-09,239.02565,6272.0
2008-01-10,231.7381,6156.950195
2008-01-11,228.7303,6200.100098
2008-01-14,221.17437,6206.799805
2008-01-15,217.21217000000001,6074.25
2008-01-16,216.22886,5935.75
2008-01-17,215.52029,5913.200195
2008-01-18,212.33896000000001,5705.299805
2008-01-21,201.16093999999998,5208.799805
2008-01-22,199.68597,4899.299805
2008-01-23,205.62926000000002,5203.399902
2008-01-24,205.70908,5033.450195
2008-01-25,219.77864,5383.350098
2008-01-28,209.15012,5274.100098
2008-01-29,215.83841,5280.799805
2008-01-30,215.93212999999997,5167.600098
2008-01-31,216.77141,5137.450195
2008-02-01,230.58819,5317.25
2008-02-04,237.16081,5463.5
2008-02-05,232.71391,5483.899902
2008-02-06,218.34704,5322.549805
2008-02-07,214.35592000000003,5133.25
2008-02-08,224.47832000000002,5120.350098
2008-02-11,225.28811000000002,4857.0
2008-02-12,223.45162000000002,4838.25
2008-02-13,223.4736,4929.450195
2008-02-14,223.6691,5202.0
2008-02-15,226.36571,5302.899902
2008-02-18,224.88379,5276.899902
2008-02-19,225.07872000000003,5280.799805
2008-02-20,226.87183,5154.450195
2008-02-21,235.35324,5191.799805
2008-02-22,228.57122999999999,5110.75
2008-02-25,233.56013,5200.700195
2008-02-26,240.45725,5270.049805
2008-02-27,234.10212,5268.399902
2008-02-28,231.27479,5285.100098
2008-02-29,223.87849,5223.5
2008-03-03,212.26666,4953.0
2008-03-04,205.20296000000002,4864.25
2008-03-05,213.84287,4921.399902
2008-03-07,206.86593,4771.600098
2008-03-10,206.94517,4800.399902
2008-03-11,206.25801,4865.899902
2008-03-12,200.30082,4872.0
2008-03-13,193.43899,4623.600098
2008-03-14,198.13868,4745.799805
2008-03-17,193.45346999999998,4503.100098
2008-03-18,190.09861,4533.0
2008-03-19,194.30663,4573.950195
2008-03-24,196.72849,4609.850098
2008-03-25,215.79504,4877.5
2008-03-26,216.8362,4828.850098
2008-03-27,208.4855,4830.25
2008-03-28,219.97412999999997,4942.0
2008-03-31,208.2177,4734.5
2008-04-01,205.78138,4739.549805
2008-04-02,214.42129,4754.200195
2008-04-03,220.16213,4771.600098
2008-04-04,214.8042,4647.0
2008-04-07,215.75917,4761.200195
2008-04-08,212.12899,4709.649902
2008-04-09,214.00887000000003,4747.049805
2008-04-10,210.05418999999998,4733.0
2008-04-11,205.6148,4777.799805
2008-04-15,218.4124,4879.649902
2008-04-16,231.39798,4887.299805
2008-04-17,239.91526000000002,4958.399902
2008-04-21,237.99201000000002,5037.0
2008-04-22,231.16661000000002,5049.299805
2008-04-23,238.30262000000002,5022.799805
2008-04-24,245.25872999999999,4999.850098
2008-04-25,243.55933,5111.700195
2008-04-28,240.5735,5089.649902
2008-04-29,252.99513,5195.5
2008-04-30,253.50818999999998,5165.899902
2008-05-02,258.47511000000003,5228.200195
2008-05-05,258.2582,5192.25
2008-05-06,261.36722000000003,5144.649902
2008-05-07,266.67483,5135.5
2008-05-08,258.07079,5081.700195
2008-05-09,252.96563999999998,4982.600098
2008-05-12,256.44369,5012.649902
2008-05-13,252.87944,4957.799805
2008-05-14,263.89088,5011.75
2008-05-15,273.75298,5115.25
2008-05-16,270.61505,5157.700195
2008-05-20,272.97211,5104.950195
2008-05-21,270.50687999999997,5117.649902
2008-05-22,269.49464,5025.450195
2008-05-23,264.44789,4946.549805
2008-05-26,273.90724,4875.049805
2008-05-27,273.6236,4859.799805
2008-05-28,277.76479,4918.350098
2008-05-29,290.53092999999996,4835.299805
2008-05-30,302.4502,4870.100098
2008-06-02,300.60111,4739.600098
2008-06-03,296.2015,4715.899902
2008-06-04,288.25838999999996,4585.600098
2008-06-05,305.03153,4676.950195
2008-06-06,307.18881,4627.799805
2008-06-09,293.00441,4500.950195
2008-06-10,285.69309,4449.799805
2008-06-11,291.67121000000003,4523.600098
2008-06-12,288.90558,4539.350098
2008-06-13,287.63462999999996,4517.100098
2008-06-16,293.97519,4572.5
2008-06-17,294.55332999999996,4653.0
2008-06-18,286.98684,4582.399902
2008-06-19,286.97944,4504.25
2008-06-20,281.52461,4347.549805
2008-06-23,284.42152999999996,4266.399902
2008-06-24,276.50864,4191.100098
2008-06-25,269.15909,4252.649902
2008-06-26,275.06819,4315.850098
2008-06-27,262.79452000000003,4136.649902
2008-06-30,267.62559,4040.5500490000004
2008-07-01,264.57457999999997,3896.75
2008-07-02,280.53842000000003,4093.350098
2008-07-03,268.58896,3925.75
2008-07-04,270.55332999999996,4016.0
2008-07-07,277.33333999999996,4030.0
2008-07-08,267.59476,3988.5500490000004
2008-07-09,280.73875,4157.100098
2008-07-10,278.17283,4162.200195
2008-07-11,258.38751,4049.0
2008-07-14,239.69687000000002,4039.6999509999996
2008-07-15,238.01727000000002,3861.100098
2008-07-16,238.47152999999997,3816.6999509999996
2008-07-17,243.8185,3947.1999509999996
2008-07-18,238.44072000000003,4092.25
2008-07-21,240.58258999999998,4159.5
2008-07-22,243.20213999999999,4240.100098
2008-07-23,246.89232,4476.799805
2008-07-24,241.50714,4433.549805
2008-07-25,238.94182,4311.850098
2008-07-28,237.21537999999998,4332.100098
2008-07-29,237.4083,4189.850098
2008-07-30,246.86211,4313.549805
2008-07-31,243.99539,4332.950195
2008-08-01,252.6245,4413.549805
2008-08-04,255.61387000000002,4395.350098
2008-08-05,258.65008,4502.850098
2008-08-06,261.85457,4517.549805
2008-08-07,265.98482,4523.850098
2008-08-08,258.81157,4529.5
2008-08-11,257.39392999999995,4620.399902
2008-08-12,247.14687,4552.25
2008-08-13,250.54427,4529.049805
2008-08-14,260.95344,4430.700195
2008-08-18,262.62502,4393.049805
2008-08-19,260.83817,4368.25
2008-08-20,261.84717,4415.75
2008-08-21,256.01451000000003,4283.850098
2008-08-22,261.41571,4327.450195
2008-08-25,262.94861000000003,4335.350098
2008-08-26,261.64685,4337.5
2008-08-27,263.21857,4292.100098
2008-08-28,261.86258,4214.0
2008-08-29,269.5209,4360.0
2008-09-01,265.54536,4348.649902
2008-09-02,273.55009,4504.0
2008-09-04,275.66915,4447.75
2008-09-05,263.85036,4352.299805
2008-09-08,269.6676,4482.299805
2008-09-09,269.57453,4468.700195
2008-09-10,271.16228,4400.25
2008-09-11,269.76005,4290.299805
2008-09-12,253.32592000000002,4228.450195
2008-09-15,243.17932000000002,4072.899902
2008-09-16,241.36845,4074.899902
2008-09-17,243.31,4008.25
2008-09-18,235.05071,4038.149902
2008-09-19,250.39018,4245.25
2008-09-22,251.15323999999998,4223.049805
2008-09-23,237.90878999999998,4126.899902
2008-09-24,234.88121,4161.25
2008-09-25,232.19201,4110.549805
2008-09-26,222.95455,3985.25
2008-09-29,214.69527000000002,3850.0500490000004
2008-09-30,215.4275,3921.1999509999996
2008-10-01,223.32438,3950.75
2008-10-03,214.47954,3818.3000490000004
2008-10-06,203.19266000000002,3602.350098
2008-10-07,200.59592,3606.600098
2008-10-08,193.26858000000001,3513.649902
2008-10-10,188.79252,3279.949951
2008-10-13,203.17725,3490.6999509999996
2008-10-14,215.41147999999998,3518.649902
2008-10-15,205.77338,3338.399902
2008-10-16,200.62666000000002,3269.300049
2008-10-17,191.0563,3074.350098
2008-10-20,205.63868,3122.800049
2008-10-21,214.06531,3234.899902
2008-10-22,206.43292,3065.149902
2008-10-23,203.84305,2943.149902
2008-10-24,197.94211,2584.0
2008-10-27,198.84756000000002,2524.199951
2008-10-28,203.22353999999999,2684.600098
2008-10-29,207.19477,2697.050049
2008-10-31,220.63342000000003,2885.600098
2008-11-03,218.98963999999998,3043.850098
2008-11-04,211.57138999999998,3142.100098
2008-11-05,209.99877,2994.949951
2008-11-06,197.87856000000002,2892.649902
2008-11-07,200.5949,2973.0
2008-11-10,212.61979,3148.25
2008-11-11,199.62591,2938.649902
2008-11-12,200.06243,2848.449951
2008-11-14,192.71596,2810.350098
2008-11-17,195.76588,2799.550049
2008-11-18,187.5216,2683.149902
2008-11-19,186.28257,2635.0
2008-11-20,178.20477,2553.149902
2008-11-21,188.18114,2693.449951
2008-11-24,190.01552,2708.25
2008-11-25,187.75161,2654.0
2008-11-26,188.57,2752.25
2008-11-28,197.58438999999998,2755.100098
2008-12-01,195.57525,2682.899902
2008-12-02,191.94523999999998,2657.800049
2008-12-03,183.71747,2656.449951
2008-12-04,189.41191,2788.0
2008-12-05,180.21453,2714.399902
2008-12-08,183.90809,2784.0
2008-12-10,186.44967,2928.25
2008-12-11,180.27806999999999,2920.149902
2008-12-12,175.50433,2921.350098
2008-12-15,175.09958999999998,2981.199951
2008-12-16,178.6737,3041.75
2008-12-17,181.33473999999998,2954.350098
2008-12-18,186.97388999999998,3060.75
2008-12-19,189.23718,3077.5
2008-12-22,188.52236000000002,3039.300049
2008-12-23,186.81503999999998,2968.649902
2008-12-24,186.48908,2916.850098
2008-12-25,185.85368,
2008-12-26,176.20327,2857.25
2008-12-29,176.91872,2922.199951
2008-12-30,179.16613,2979.5
2008-12-31,177.18813,2959.149902
2009-01-01,182.38314,3033.449951
2009-01-02,179.83328999999998,3046.75
2009-01-05,186.29847,3121.449951
2009-01-06,185.62367,3112.800049
2009-01-07,188.6418,2920.399902
2009-01-08,188.6418,
2009-01-09,191.15925,2873.0
2009-01-12,184.21752,2773.100098
2009-01-13,195.09108,2744.949951
2009-01-14,207.07594,2835.300049
2009-01-15,198.83166,2736.699951
2009-01-16,201.32561,2828.449951
2009-01-19,200.47608,2846.199951
2009-01-20,198.83992,2796.600098
2009-01-21,194.4074,2706.149902
2009-01-22,195.52761,2713.800049
2009-01-23,191.35811999999999,2678.550049
2009-01-27,198.8952,2771.350098
2009-01-28,204.39139,2849.5
2009-01-29,208.11672,2823.949951
2009-01-30,207.56075,2874.800049
2009-02-02,203.27182,2766.649902
2009-02-03,203.72423,2783.899902
2009-02-04,203.58952,2803.050049
2009-02-05,199.49058,2780.050049
2009-02-06,204.74087,2843.100098
2009-02-09,208.42616,2919.899902
2009-02-10,207.83843000000002,2934.5
2009-02-11,206.80591,2925.699951
2009-02-12,199.28471000000002,2893.050049
2009-02-13,198.82404,2948.350098
2009-02-16,194.02616,2848.5
2009-02-17,186.48082,2770.5
2009-02-18,187.25156,2776.149902
2009-02-19,192.02466,2789.350098
2009-02-20,186.98977,2736.449951
2009-02-24,188.3241,2733.899902
2009-02-25,193.39076,2762.5
2009-02-26,196.33773,2785.649902
2009-02-27,195.58289,2763.649902
2009-03-02,193.64556000000002,2674.600098
2009-03-03,190.23792,2622.399902
2009-03-04,190.49206999999998,2645.199951
2009-03-05,187.75161,2576.699951
2009-03-06,193.69258,2620.149902
2009-03-09,190.94512,2573.149902
2009-03-12,195.03518,2617.449951
2009-03-13,206.0358,2719.25
2009-03-16,204.56613000000002,2777.25
2009-03-17,201.02379,2757.449951
2009-03-18,203.01766,2794.699951
2009-03-19,206.0593,2807.149902
2009-03-20,205.90045,2807.050049
2009-03-23,211.47607999999997,2939.899902
2009-03-24,209.80052,2938.699951
2009-03-25,212.69095,2984.350098
2009-03-26,219.07732000000001,3082.25
2009-03-27,213.63643,3108.649902
2009-03-30,206.7106,2978.149902
2009-03-31,210.30059,3020.949951
2009-04-01,218.21953,3060.350098
2009-04-02,225.4707,3211.050049
2009-04-06,224.62117,3256.600098
2009-04-07,225.40716,
2009-04-08,226.38439,3342.949951
2009-04-09,226.67795,3342.050049
2009-04-10,226.36025,
2009-04-13,223.86632000000003,3382.600098
2009-04-14,223.97751,
2009-04-15,217.71885,3484.149902
2009-04-16,213.68407000000002,3369.5
2009-04-17,221.96013,3384.399902
2009-04-20,221.34824,3377.100098
2009-04-21,216.42391,3365.3000490000004
2009-04-22,219.38676,3330.300049
2009-04-23,230.40265,3423.6999509999996
2009-04-24,230.10908999999998,3480.75
2009-04-27,228.09171,3470.0
2009-04-28,227.27393999999998,3362.350098
2009-04-29,239.74299,3473.9499509999996
2009-04-30,237.162,
2009-05-01,237.162,
2009-05-04,258.63842,3654.0
2009-05-05,251.30785,3661.899902
2009-05-06,249.90935,3625.0500490000004
2009-05-07,246.65356,3683.899902
2009-05-08,241.56212000000002,3620.6999509999996
2009-05-11,241.07795,3554.600098
2009-05-12,253.91234,3681.100098
2009-05-13,250.02053999999998,3635.25
2009-05-14,248.94861,3593.4499509999996
2009-05-15,253.01517,3671.649902
2009-05-18,285.94462000000004,4323.149902
2009-05-19,247.6378,4318.450195
2009-05-20,243.1824,4270.299805
2009-05-21,238.65519,4210.899902
2009-05-22,241.8163,4238.5
2009-05-25,240.02955,4237.549805
2009-05-26,245.84342999999998,4116.700195
2009-05-27,252.27683,4276.049805
2009-05-28,250.82304,4337.100098
2009-05-29,254.96901,4448.950195
2009-06-01,266.31085,4529.899902
2009-06-02,268.24118,4525.25
2009-06-03,260.75112,4530.700195
2009-06-04,267.71545,4572.649902
2009-06-05,279.04889,4586.899902
2009-06-08,286.1446,4429.899902
2009-06-09,294.80072,4550.950195
2009-06-10,297.10026,4655.25
2009-06-11,287.59791,4637.700195
2009-06-12,283.90222,4583.399902
2009-06-15,281.70977,4484.0
2009-06-16,283.27872,4517.799805
2009-06-17,281.10992999999996,4356.149902
2009-06-18,283.45939,4251.399902
2009-06-19,290.79295,4313.600098
2009-06-22,290.13594,4235.25
2009-06-23,287.0066,4247.0
2009-06-24,288.68262999999996,4292.950195
2009-06-25,288.93689,4241.850098
2009-06-26,300.10607000000005,4375.5
2009-06-29,292.85399,4390.950195
2009-06-30,291.79489,4291.100098
2009-07-01,294.86641000000003,4340.899902
2009-07-02,295.10491,4348.850098
2009-07-03,296.50106,4424.25
2009-07-06,289.28182000000004,4165.700195
2009-07-07,285.45474,4202.149902
2009-07-08,280.28078,4078.899902
2009-07-09,275.54242,4080.9499509999996
2009-07-10,282.70383,4003.899902
2009-07-13,290.74367,3974.0500490000004
2009-07-14,297.59302,4111.399902
2009-07-15,294.28365,4233.5
2009-07-16,294.84999,4231.399902
2009-07-17,306.54479,4374.950195
2009-07-20,323.80773999999997,4502.25
2009-07-21,319.16792999999996,4469.100098
2009-07-22,315.33231,4398.899902
2009-07-23,321.73026,4523.75
2009-07-24,329.10521,4568.549805
2009-07-27,333.08802000000003,4572.299805
2009-07-28,328.02115,4564.100098
2009-07-29,325.99228999999997,4513.5
2009-07-30,330.79636,4571.450195
2009-07-31,339.07536,4636.450195
2009-08-03,341.06216,4711.399902
2009-08-04,335.69174,4680.5
2009-08-05,344.7007,4694.149902
2009-08-06,338.09771,4585.5
2009-08-07,335.01831,4481.399902
2009-08-10,342.91032,4437.649902
2009-08-11,342.41756000000004,4471.350098
2009-08-12,335.53539,4457.5
2009-08-13,338.9847,4605.0
2009-08-14,335.46114,4580.049805
2009-08-17,325.63095,4387.899902
2009-08-18,324.12771000000004,4458.899902
2009-08-19,320.53911,4394.100098
2009-08-20,326.93643,4453.450195
2009-08-21,333.94212999999996,4528.799805
2009-08-24,340.97213,4642.799805
2009-08-25,344.10937,4659.350098
2009-08-26,358.01302000000004,4680.850098
2009-08-27,360.00903999999997,4688.200195
2009-08-28,359.8198,4732.350098
2009-08-31,350.04677000000004,4662.100098
2009-09-01,352.30556,4625.350098
2009-09-02,355.58276,4608.350098
2009-09-03,359.25346,4593.549805
2009-09-04,361.5287,4680.399902
2009-09-07,365.33081,4782.899902
2009-09-08,361.98007,4805.25
2009-09-09,359.66409,4814.25
2009-09-10,367.97529,4819.399902
2009-09-11,372.42652000000004,4829.549805
2009-09-14,369.59283999999997,4808.600098
2009-09-15,372.94426,4892.100098
2009-09-16,381.07477,4958.399902
2009-09-17,387.9484,4965.549805
2009-09-18,388.33409,4976.049805
2009-09-21,387.4228,
2009-09-22,395.87327,5020.200195
2009-09-23,388.77756,4969.950195
2009-09-24,375.22671,4986.549805
2009-09-25,368.00813999999997,4958.950195
2009-09-28,368.74727,
2009-09-29,377.01773,5006.850098
2009-09-30,378.83237,5083.950195
2009-10-01,383.81777999999997,5083.399902
2009-10-02,384.51552999999996,
2009-10-05,381.57543,5003.200195
2009-10-06,379.81003,5027.399902
2009-10-07,370.02055,4985.75
2009-10-08,363.12984,5002.25
2009-10-09,357.67666,4945.200195
2009-10-12,367.82743999999997,5054.25
2009-10-13,367.10475,
2009-10-14,370.52975,5118.200195
2009-10-15,370.78857999999997,5108.850098
2009-10-16,366.19813999999997,5142.149902
2009-10-19,367.04292000000004,
2009-10-20,365.93127000000004,5114.450195
2009-10-21,370.65484,5063.600098
2009-10-22,370.07757999999995,4988.600098
2009-10-23,377.91207,4997.049805
2009-10-26,380.23638,4970.899902
2009-10-27,375.0025,4846.700195
2009-10-28,377.36025,4826.149902
2009-10-29,369.27562,4750.549805
2009-10-30,368.91575,4711.700195
2009-11-02,370.3371,
2009-11-03,358.35629,4563.899902
2009-11-04,374.09081000000003,4710.799805
2009-11-05,371.49893,4765.549805
2009-11-06,370.98928,4796.149902
2009-11-09,373.24671,4898.399902
2009-11-10,370.88023,4881.700195
2009-11-11,385.72983,5003.950195
2009-11-12,389.01531,4952.649902
2009-11-13,394.58367000000004,4998.950195
2009-11-16,393.28741,5058.049805
2009-11-17,401.03829,5062.25
2009-11-18,406.89091,5054.700195
2009-11-19,402.98604,4989.0
2009-11-20,405.78726,5052.450195
2009-11-23,402.48438,5103.549805
2009-11-24,407.125,5090.549805
2009-11-25,407.76912999999996,5108.149902
2009-11-26,400.22694,5005.549805
2009-11-27,389.25813999999997,4941.75
2009-11-30,397.86985,5032.700195
2009-12-01,400.61221,5122.0
2009-12-02,400.55334,5123.25
2009-12-03,397.46785,5131.700195
2009-12-04,398.5802,5108.899902
2009-12-07,399.75073,5066.700195
2009-12-08,409.09817999999996,5147.950195
2009-12-09,410.77905,5112.0
2009-12-10,410.1764,5134.649902
2009-12-11,411.48136,5117.299805
2009-12-14,417.83563,5105.700195
2009-12-15,419.05633,5033.049805
2009-12-16,425.55239000000006,5042.049805
2009-12-17,427.91017,5041.75
2009-12-18,422.38329000000004,4987.700195
2009-12-21,419.73324,4952.600098
2009-12-22,418.44563,4985.850098
2009-12-23,432.04914,5144.600098
2009-12-24,433.39492,5178.399902
2009-12-25,434.38149000000004,
2009-12-28,434.38149000000004,
2009-12-29,430.94482999999997,5187.950195
2009-12-30,431.42175,5169.450195
2009-12-31,434.95005999999995,5201.049805
2010-01-01,435.55202,
2010-01-04,436.87305999999995,5232.200195
2010-01-05,438.33654,5277.899902
2010-01-06,431.94014000000004,5281.799805
2010-01-07,422.23347,5263.100098
2010-01-08,412.05793,5244.75
2010-01-11,416.31327999999996,5249.399902
2010-01-12,432.58358,5210.399902
2010-01-13,448.72878,5233.950195
2010-01-14,449.77422,5259.899902
2010-01-15,447.44120999999996,5252.200195
2010-01-18,449.25518,5274.850098
2010-01-19,440.7692,5225.649902
2010-01-20,444.41455999999994,5221.700195
2010-01-21,438.97997999999995,5094.149902
2010-01-22,430.68600999999995,5036.0
2010-01-25,425.11765,5007.899902
2010-01-26,440.61872,
2010-01-27,418.42024,4853.100098
2010-01-28,416.66511,4867.25
2010-01-29,413.94749,4882.049805
2010-02-01,409.89214,4899.700195
2010-02-02,408.00257,4830.100098
2010-02-03,413.56289,4931.850098
2010-02-04,406.18057000000005,4845.350098
2010-02-05,393.41315,4718.649902
2010-02-08,401.92456,4760.399902
2010-02-09,413.66323,4792.649902
2010-02-10,412.51745,4757.200195
2010-02-11,417.78481,4826.850098
2010-02-15,417.81824,4801.950195
2010-02-16,424.97517,4855.75
2010-02-17,421.1626,4914.0
2010-02-18,423.67085999999995,4887.75
2010-02-19,423.46217,4844.899902
2010-02-22,429.474,4856.399902
2010-02-23,431.63914000000005,4870.049805
2010-02-24,430.80305,4858.600098
2010-02-25,437.66767000000004,4859.75
2010-02-26,435.09184000000005,4922.299805
2010-03-02,441.62203,5017.0
2010-03-03,445.84395,5088.100098
2010-03-04,438.74589000000003,5080.25
2010-03-05,440.73577,5088.700195
2010-03-08,444.72425,5124.0
2010-03-09,448.8037,5101.5
2010-03-10,444.67343,5116.25
2010-03-11,448.63648,5133.399902
2010-03-12,447.01447,5137.0
2010-03-15,451.69657,5128.899902
2010-03-16,456.89770999999996,5198.100098
2010-03-17,457.89232000000004,5231.899902
2010-03-18,466.13615999999996,5245.899902
2010-03-19,463.58642000000003,5262.799805
2010-03-22,461.08615999999995,5205.200195
2010-03-23,464.11280999999997,5225.299805
2010-03-25,470.542,5260.399902
2010-03-26,464.00447,5282.0
2010-03-29,454.27171,5302.850098
2010-03-30,442.14042,5262.450195
2010-03-31,437.43289000000004,5249.100098
2010-04-01,446.54625999999996,5290.5
2010-04-05,447.80039000000005,5368.399902
2010-04-06,443.33567999999997,5366.0
2010-04-07,442.0822,5374.649902
2010-04-08,445.42655999999994,5304.450195
2010-04-09,447.50808,5361.75
2010-04-12,448.66191,5339.700195
2010-04-13,465.18299,5322.950195
2010-04-15,468.47720999999996,5273.600098
2010-04-16,466.30338,5262.600098
2010-04-19,460.16646,5203.649902
2010-04-20,456.05293,5230.100098
2010-04-21,453.5694,5244.899902
2010-04-22,454.56465999999995,5269.350098
2010-04-23,455.99406,5304.100098
2010-04-26,458.00067,5322.450195
2010-04-27,457.74984000000006,5308.350098
2010-04-28,451.40427,5215.450195
2010-04-29,453.01757000000003,5254.149902
2010-04-30,457.86689,5278.0
2010-05-03,450.63505,5222.75
2010-05-04,445.82721,5148.5
2010-05-05,450.31735,5124.899902
2010-05-06,444.48947000000004,5090.850098
2010-05-07,437.58405999999997,5018.049805
2010-05-10,447.42447999999996,5193.600098
2010-05-11,444.92490999999995,5136.149902
2010-05-12,448.42778,5156.649902
2010-05-13,452.51592,5178.899902
2010-05-14,443.44469000000004,5093.5
2010-05-17,437.50045,5059.899902
2010-05-18,439.64885,5066.200195
2010-05-19,435.24302,4919.649902
2010-05-20,434.89184000000006,4947.600098
2010-05-21,431.7147,4931.149902
2010-05-24,434.83297000000005,4943.950195
2010-05-25,423.62937999999997,4806.75
2010-05-26,448.91835,4917.399902
2010-05-27,452.73777,5003.100098
2010-05-28,458.57752,5066.549805
2010-05-31,455.24659,5086.299805
2010-06-01,449.48355999999995,4970.200195
2010-06-02,452.20614000000006,5019.850098
2010-06-03,462.09755,5110.5
2010-06-04,467.39814,5135.5
2010-06-07,457.58412999999996,5034.0
2010-06-08,454.64713,4987.100098
2010-06-09,449.58563,5000.299805
2010-06-10,453.11457,5078.600098
2010-06-11,450.5797,5119.350098
2010-06-14,470.3872,5197.700195
2010-06-15,468.3833,5222.350098
2010-06-16,474.32651,5233.350098
2010-06-17,473.54758,5274.850098
2010-06-18,477.20392000000004,5262.600098
2010-06-21,479.70454000000007,5353.299805
2010-06-22,473.93260999999995,5316.549805
2010-06-23,479.18248,5323.149902
2010-06-24,483.45542,5320.600098
2010-06-25,475.74809000000005,5269.049805
2010-06-28,481.10898,5333.5
2010-06-29,478.46313,5256.149902
2010-06-30,478.02604,5312.5
2010-07-01,473.92437,5251.399902
2010-07-02,467.15014,5237.100098
2010-07-05,469.88162,5235.899902
2010-07-06,477.01554000000004,5289.049805
2010-07-07,476.44209000000006,5241.100098
2010-07-08,484.44882,5296.850098
2010-07-09,492.20755,5352.450195
2010-07-12,495.99268,5383.0
2010-07-13,479.0112,5400.649902
2010-07-14,469.78774000000004,5386.149902
2010-07-15,472.64805,5378.75
2010-07-16,475.62820999999997,5393.899902
2010-07-19,474.50602000000003,5386.450195
2010-07-20,472.65625,5368.0
2010-07-21,474.71154,5399.350098
2010-07-22,471.77454000000006,5441.950195
2010-07-23,477.2464,5449.100098
2010-07-26,480.32934000000006,5418.600098
2010-07-27,484.50021,5430.600098
2010-07-28,485.06543,5397.549805
2010-07-29,485.2449,5408.899902
2010-07-30,477.58070999999995,5367.600098
2010-08-02,479.04478,5431.649902
2010-08-03,476.87850999999995,5439.549805
2010-08-04,492.32743,5467.850098
2010-08-05,491.42790999999994,5447.100098
2010-08-06,490.49481,5439.25
2010-08-09,492.35277,5486.149902
2010-08-10,484.54337000000004,5460.700195
2010-08-11,481.43438,5420.600098
2010-08-12,474.89172,5416.450195
2010-08-13,475.67069000000004,5452.100098
2010-08-16,473.04195,5418.299805
2010-08-17,471.08944,5414.149902
2010-08-18,480.80890999999997,5479.149902
2010-08-19,480.35539000000006,5540.200195
2010-08-20,474.36079000000007,5530.649902
2010-08-23,480.10667,5543.5
2010-08-24,473.6154,5505.100098
2010-08-25,474.58342000000005,5462.350098
2010-08-26,473.68389,5477.899902
2010-08-27,464.1357,5408.700195
2010-08-30,462.51682999999997,5415.450195
2010-08-31,464.8126,5402.399902
2010-09-01,475.48227,5471.850098
2010-09-02,471.51763,5486.149902
2010-09-03,475.70494,5479.399902
2010-09-06,484.98798,5576.950195
2010-09-07,490.69142,5604.0
2010-09-08,493.16666,5607.850098
2010-09-09,495.83855,5640.049805
2010-09-13,503.01492,5760.0
2010-09-14,509.64325999999994,5795.549805
2010-09-15,522.8745200000001,5860.950195
2010-09-16,507.99010999999996,5828.700195
2010-09-17,508.70945,5884.950195
2010-09-20,515.29531,5980.450195
2010-09-21,523.95284,6009.049805
2010-09-22,516.2715599999999,5991.0
2010-09-23,517.74449,5959.549805
2010-09-24,522.23191,6018.299805
2010-09-27,519.40588,6035.649902
2010-09-28,516.6655,6029.5
2010-09-29,519.14074,5991.299805
2010-09-30,522.47167,6029.950195
2010-10-01,531.31763,6143.399902
2010-10-04,527.2584400000001,6159.450195
2010-10-05,528.32924,6145.799805
2010-10-06,531.60059,6186.450195
2010-10-07,522.97659,6120.299805
2010-10-08,526.8905599999999,6103.450195
2010-10-11,526.57335,6135.850098
2010-10-12,526.70214,6090.899902
2010-10-13,540.00193,6233.899902
2010-10-14,545.55053,6177.350098
2010-10-15,526.8905599999999,6062.649902
2010-10-18,532.15757,6075.950195
2010-10-19,515.5693200000001,6027.299805
2010-10-20,517.00805,5982.100098
2010-10-21,526.70182,6101.5
2010-10-22,529.94765,6066.049805
2010-10-25,524.04613,6105.799805
2010-10-26,523.1269,6082.0
2010-10-27,517.28576,6012.649902
2010-10-28,515.6632099999999,5987.700195
2010-10-29,515.81038,6017.700195
2010-11-01,521.0085799999999,6117.549805
2010-11-02,525.4180700000001,6119.0
2010-11-03,524.94943,6160.5
2010-11-04,534.11343,6281.799805
2010-11-05,534.89451,6312.450195
2010-11-08,523.48235,6273.200195
2010-11-09,531.10228,6301.549805
2010-11-10,535.06809,6275.700195
2010-11-11,530.20801,6194.25
2010-11-12,520.34971,6071.649902
2010-11-15,525.93879,6121.600098
2010-11-16,515.67986,5988.700195
2010-11-17,,5988.700195
2010-11-18,521.4078099999999,5998.799805
2010-11-19,514.43916,5890.299805
2010-11-22,528.30772,6010.0
2010-11-23,522.8228,5934.75
2010-11-24,520.0108700000001,5865.75
2010-11-25,531.8923900000001,5799.75
2010-11-26,528.02168,5751.950195
2010-11-29,531.8222599999999,5830.0
2010-11-30,529.57482,5862.700195
2010-12-01,529.81781,5960.899902
2010-12-02,537.8195900000001,6011.700195
2010-12-03,542.41931,5992.799805
2010-12-06,545.61306,5992.25
2010-12-07,551.7229,5976.549805
2010-12-08,543.48644,5903.700195
2010-12-09,547.01,5766.5
2010-12-10,545.76027,5857.350098
2010-12-13,545.94287,5907.649902
2010-12-14,548.25973,5944.100098
2010-12-15,556.03586,5892.299805
2010-12-16,571.63185,5948.75
2010-12-17,,5948.75
2010-12-20,581.46447,5947.049805
2010-12-21,577.8715,6000.649902
2010-12-22,578.43595,5984.399902
2010-12-23,584.58046,5980.0
2010-12-24,584.97066,6011.600098
2010-12-27,586.1426299999999,5998.100098
2010-12-28,587.14034,5996.0
2010-12-29,591.00271,6060.350098
2010-12-30,598.3011700000001,6101.850098
2010-12-31,597.57285,6134.5
2011-01-03,600.28062,6157.600098
2011-01-04,604.28948,6146.350098
2011-01-05,600.49725,6079.799805
2011-01-06,603.71668,6048.25
2011-01-07,585.0755,5904.600098
2011-01-10,589.41486,5762.850098
2011-01-11,577.2556400000001,5754.100098
2011-01-12,586.21208,5863.25
2011-01-13,556.33995,5751.899902
2011-01-14,556.18375,5654.549805
2011-01-17,567.3792900000001,5654.75
2011-01-18,576.7869999999999,5724.049805
2011-01-19,564.0466700000001,5691.049805
2011-01-20,572.08312,5711.600098
2011-01-21,563.04896,5696.5
2011-01-24,570.13007,5743.25
2011-01-25,565.79072,5687.399902
2011-01-26,,5687.399902
2011-01-27,554.89928,5604.299805
2011-01-28,549.90868,5512.149902
2011-01-31,541.15221,5505.899902
2011-02-01,536.20535,5417.200195
2011-02-02,536.21369,5432.0
2011-02-03,541.13488,5526.75
2011-02-04,529.0367200000001,5395.75
2011-02-07,535.90125,5396.0
2011-02-08,537.48982,5312.549805
2011-02-09,543.40868,5253.549805
2011-02-10,529.95668,5225.799805
2011-02-11,527.8134,5310.0
2011-02-14,538.87007,5456.0
2011-02-15,539.2172099999999,5481.0
2011-02-16,538.60068,5481.700195
2011-02-17,540.39753,5546.450195
2011-02-18,538.1320400000001,5458.950195
2011-02-21,549.4053299999999,5518.600098
2011-02-22,545.3443900000001,5469.200195
2011-02-23,534.4001900000001,5437.350098
2011-02-24,522.25,5262.700195
2011-02-25,521.98964,5303.549805
2011-02-28,520.21919,5333.25
2011-03-01,535.02503,5522.299805
2011-03-02,,5522.299805
2011-03-03,525.25284,5536.200195
2011-03-04,531.5188400000001,5538.75
2011-03-07,528.13415,5463.149902
2011-03-08,540.90922,5520.799805
2011-03-09,537.29887,5531.0
2011-03-10,536.3872700000001,5494.399902
2011-03-11,530.07817,5445.450195
2011-03-14,538.21882,5531.5
2011-03-15,525.9554400000001,5449.649902
2011-03-16,526.08596,5511.149902
2011-03-17,517.0254,5446.649902
2011-03-18,510.49904000000004,5373.700195
2011-03-21,507.23582999999996,5364.75
2011-03-22,510.83784,5413.850098
2011-03-23,519.56863,5480.25
2011-03-24,521.20855,5522.399902
2011-03-25,549.0241599999999,5654.25
2011-03-28,544.94516,5687.25
2011-03-29,550.81198,5736.350098
2011-03-30,550.38635,5787.649902
2011-03-31,562.606,5833.75
2011-04-01,558.58739,5826.049805
2011-04-04,569.8697099999999,5908.450195
2011-04-05,569.8870900000001,5910.049805
2011-04-06,568.48112,5891.75
2011-04-07,563.40441,5885.700195
2011-04-08,560.1759599999999,5842.0
2011-04-11,562.6580799999999,5785.700195
2011-04-12,,5785.700195
2011-04-13,573.87094,5911.5
2011-04-14,,5911.5
2011-04-15,518.90001,5824.549805
2011-04-18,504.42394,5729.100098
2011-04-19,501.16975999999994,5740.75
2011-04-20,504.63222,5851.649902
2011-04-21,505.10085999999995,5884.700195
2011-04-25,510.53374,5874.5
2011-04-26,510.71634000000006,5868.399902
2011-04-27,512.59023,5833.899902
2011-04-28,508.42445,5785.450195
2011-04-29,504.44962000000004,5749.5
2011-05-02,507.27957000000004,5701.299805
2011-05-03,505.28346,5565.25
2011-05-04,498.11484,5537.149902
2011-05-05,494.42605,5459.850098
2011-05-06,502.1501,5551.450195
2011-05-09,504.84952999999996,5551.100098
2011-05-10,499.90265999999997,5541.25
2011-05-11,504.41559000000007,5565.049805
2011-05-12,500.11027,5486.149902
2011-05-13,499.6076,5544.75
2011-05-16,494.75582,5499.0
2011-05-17,493.67065,5438.950195
2011-05-18,493.3846,5420.600098
2011-05-19,494.06987999999996,5428.100098
2011-05-20,494.66073,5486.350098
2011-05-23,492.43897000000004,5386.549805
2011-05-24,493.73175,5394.850098
2011-05-25,484.03728,5348.950195
2011-05-26,496.17179000000004,5412.350098
2011-05-27,498.1282,5476.100098
2011-05-30,496.89518,5473.100098
2011-05-31,497.79724000000004,
2011-06-01,502.42630999999994,5592.0
2011-06-02,500.90736,5550.350098
2011-06-03,503.2569,5516.75
2011-06-06,507.1347,5532.049805
2011-06-07,516.90107,5556.149902
2011-06-08,513.17479,5526.850098
2011-06-09,511.35205,5521.049805
2011-06-10,511.50432,5485.799805
2011-06-13,514.22915,5482.799805
2011-06-14,513.28203,5500.5
2011-06-15,506.72372,5447.5
2011-06-16,500.41558,5396.75
2011-06-17,494.93802999999997,5366.399902
2011-06-20,484.19884,5257.899902
2011-06-21,487.34325,5275.850098
2011-06-22,492.32972,5278.299805
2011-06-23,496.62712999999997,5320.0
2011-06-24,511.07471,5471.25
2011-06-27,513.059,5526.600098
2011-06-28,512.03113,5545.299805
2011-06-29,514.97109,5600.450195
2011-06-30,520.0991,5647.399902
2011-07-01,524.33429,5627.200195
2011-07-04,525.1920700000001,5650.5
2011-07-05,528.31933,5632.100098
2011-07-06,527.82825,5625.450195
2011-07-07,535.33368,5728.950195
2011-07-08,531.91193,5660.649902
2011-07-11,522.01118,5616.100098
2011-07-12,498.8523,5526.149902
2011-07-13,496.30546,5585.450195
2011-07-14,489.70283,5512.299805
2011-07-15,488.09452000000005,5581.100098
2011-07-18,484.88645999999994,5567.049805
2011-07-19,491.51628,5613.549805
2011-07-20,491.86439,5567.049805
2011-07-21,494.66143,5541.600098
2011-07-22,505.40990999999997,5633.950195
2011-07-25,501.74724000000003,5680.299805
2011-07-26,500.68363,5574.850098
2011-07-27,499.76295,5546.799805
2011-07-28,491.62350999999995,5487.75
2011-07-29,496.05526,5482.0
2011-08-01,503.06035999999995,5516.799805
2011-08-02,491.59632999999997,5456.549805
2011-08-03,488.31755,5404.799805
2011-08-04,484.12664,5331.799805
2011-08-05,463.04925,5211.25
2011-08-08,441.48008,5118.5
2011-08-09,424.33410999999995,5072.850098
2011-08-10,437.2985,5161.0
2011-08-11,436.13695,5138.299805
2011-08-12,424.44989000000004,5072.950195
2011-08-15,,5072.950195
2011-08-16,428.7566,5035.799805
2011-08-17,437.62872000000004,5056.600098
2011-08-18,420.67934,4944.149902
2011-08-19,397.55544,4845.649902
2011-08-22,392.17657,4898.799805
2011-08-23,406.8922,4948.899902
2011-08-24,402.23739,4888.899902
2011-08-25,390.17509,4839.600098
2011-08-26,393.59758999999997,4747.799805
2011-08-29,410.34112999999996,4919.600098
2011-08-30,418.68645,5001.0
2011-08-31,,5001.0
2011-09-01,,5001.0
2011-09-02,414.44266,5040.0
2011-09-05,404.77497,5017.200195
2011-09-06,411.46766,5064.299805
2011-09-07,409.48336,5124.649902
2011-09-08,417.8823,5153.25
2011-09-09,406.41901,5059.450195
2011-09-12,392.8642,4946.799805
2011-09-13,397.08225,4940.950195
2011-09-14,420.24114000000003,5012.549805
2011-09-15,430.6508,5075.700195
2011-09-16,428.01462000000004,5084.25
2011-09-19,422.20684000000006,5031.950195
2011-09-20,435.41355,5140.200195
2011-09-21,435.25199000000003,5133.25
2011-09-22,420.41129000000006,4923.649902
2011-09-23,417.94521000000003,4867.75
2011-09-26,420.84015,4835.399902
2011-09-27,436.77095,4971.25
2011-09-28,441.43505999999996,4945.899902
2011-09-29,455.88337,5015.450195
2011-09-30,452.65817000000004,4943.25
2011-10-03,442.44505,4849.5
2011-10-04,435.76165999999995,4772.149902
2011-10-05,437.27132,4751.299805
2011-10-06,,4751.299805
2011-10-07,448.30644,4888.049805
2011-10-10,462.82552000000004,4979.600098
2011-10-11,447.5652,4974.350098
2011-10-12,478.80209,5099.399902
2011-10-13,481.90217,5077.850098
2011-10-14,490.3104,5132.299805
2011-10-17,490.81077,5118.25
2011-10-18,482.76923,5037.5
2011-10-19,487.45117999999997,5139.149902
2011-10-20,502.03222999999997,5091.899902
2011-10-21,497.48175999999995,5049.950195
2011-10-24,505.64059000000003,5098.350098
2011-10-25,522.34116,5191.600098
2011-10-26,518.6772599999999,5201.799805
2011-10-27,,5201.799805
2011-10-28,522.3316599999999,5360.700195
2011-10-31,525.7858,5326.600098
2011-11-01,518.30308,5257.950195
2011-11-02,517.9010599999999,5258.450195
2011-11-03,511.99924000000004,5265.75
2011-11-04,516.35673,5284.200195
2011-11-07,,5284.200195
2011-11-08,519.30804,5289.350098
2011-11-09,518.06553,5221.049805
2011-11-10,,5221.049805
2011-11-11,507.17540999999994,5168.850098
2011-11-14,513.2234599999999,5148.350098
2011-11-15,511.3049,5068.5
2011-11-16,507.6505,5030.450195
2011-11-17,503.11904000000004,4934.75
2011-11-18,500.79850999999996,4905.799805
2011-11-21,487.88023,4778.350098
2011-11-22,497.72880999999995,4812.350098
2011-11-23,484.69137,4706.450195
2011-11-24,487.16759,
2011-11-25,475.01672,4710.049805
2011-11-28,481.6765,4851.299805
2011-11-29,474.69660999999996,4805.100098
2011-11-30,476.32355,4832.049805
2011-12-01,485.18547,4936.850098
2011-12-02,492.27425,5050.149902
2011-12-05,493.55329000000006,5039.149902
2011-12-06,493.55329000000006,5039.149902
2011-12-07,504.1145,5062.600098
2011-12-08,497.62795,4943.649902
2011-12-09,495.22556,4866.700195
2011-12-12,500.69765,4764.600098
2011-12-13,502.8815,4800.600098
2011-12-14,500.69765,4763.25
2011-12-15,496.33137999999997,4746.350098
2011-12-16,497.82017,4651.600098
2011-12-19,489.03132999999997,4613.100098
2011-12-20,487.63389000000006,4544.200195
2011-12-21,501.20047999999997,4693.149902
2011-12-22,497.15362000000005,4733.850098
2011-12-23,492.38460999999995,4714.0
2011-12-26,507.20320999999996,
2011-12-27,504.19707,4750.5
2011-12-28,508.32656,4705.799805
2011-12-29,501.03605,4646.25
2011-12-30,505.70415,4624.299805
2012-01-02,513.25049,
2012-01-03,523.3644099999999,4765.299805
2012-01-04,521.5554599999999,4749.649902
2012-01-05,518.9513400000001,4749.950195
2012-01-06,517.4895799999999,4754.100098
2012-01-09,518.29429,4742.799805
2012-01-10,523.23651,4849.549805
2012-01-11,516.47588,4860.950195
2012-01-12,472.92422999999997,4831.25
2012-01-13,472.18457,4866.0
2012-01-16,482.40738,4873.899902
2012-01-17,486.40968,4967.299805
2012-01-18,477.27369000000004,4955.799805
2012-01-19,474.10312999999996,5018.399902
2012-01-20,473.0251,5048.600098
2012-01-23,475.12637,5046.25
2012-01-24,478.87212999999997,5127.350098
2012-01-25,487.09452000000005,5158.299805
2012-01-26,487.09452000000005,5158.299805
2012-01-27,497.91152999999997,5204.700195
2012-01-30,495.59099000000003,5087.299805
2012-01-31,501.74864,5199.25
2012-02-01,501.14565999999996,5235.700195
2012-02-02,503.75856,5269.899902
2012-02-03,508.5546,5325.850098
2012-02-06,507.43125,5361.649902
2012-02-07,498.36832999999996,5335.149902
2012-02-08,505.97823,5368.149902
2012-02-09,513.42442,5412.350098
2012-02-10,509.86139000000003,5381.600098
2012-02-13,509.49595,5390.200195
2012-02-14,511.80774,5416.049805
2012-02-15,523.3278700000001,5531.950195
2012-02-16,531.52247,5521.950195
2012-02-17,538.62151,5564.299805
2012-02-20,538.62151,
2012-02-21,536.87617,5607.149902
2012-02-22,539.43425,5505.350098
2012-02-23,535.9442799999999,5483.299805
2012-02-24,538.66755,5429.299805
2012-02-27,526.84559,5281.200195
2012-02-28,524.8444099999999,5375.5
2012-02-29,526.86312,5385.200195
2012-03-01,521.96622,5339.75
2012-03-02,519.9658,5359.350098
2012-03-05,513.41568,5280.350098
2012-03-06,521.1988,5222.399902
2012-03-07,526.93695,5220.450195
2012-03-08,526.93695,5220.450195
2012-03-09,521.71993,5333.549805
2012-03-12,514.7948200000001,5359.549805
2012-03-13,522.54217,5429.5
2012-03-14,526.02335,5463.899902
2012-03-15,526.58025,5380.5
2012-03-16,523.4828,5317.899902
2012-03-19,518.46751,5257.049805
2012-03-20,517.34416,5274.850098
2012-03-21,523.9125700000001,5364.950195
2012-03-22,516.7864900000001,5228.450195
2012-03-23,524.8992400000001,5278.200195
2012-03-26,517.23451,5184.25
2012-03-27,525.48393,5243.149902
2012-03-28,519.4907599999999,5194.75
2012-03-29,510.15376,5178.850098
2012-03-30,523.72985,5295.549805
2012-04-02,520.78804,5317.899902
2012-04-03,522.29512,5358.5
2012-04-04,520.95252,5322.899902
2012-04-05,520.95252,5322.899902
2012-04-06,520.95252,
2012-04-09,515.77275,5234.399902
2012-04-10,506.38971,5243.600098
2012-04-11,512.41946,5226.850098
2012-04-12,502.59792000000004,5276.850098
2012-04-13,438.99389,5207.450195
2012-04-16,432.05053,5226.200195
2012-04-17,435.00108,5289.700195
2012-04-18,433.27403,5300.0
2012-04-19,439.51425,5332.399902
2012-04-20,439.87969000000004,5290.850098
2012-04-23,422.24723,5200.600098
2012-04-24,429.30973,5222.649902
2012-04-25,429.38209000000006,5202.0
2012-04-26,430.52445,5189.0
2012-04-27,436.88311,5190.600098
2012-04-30,449.8745,5248.149902
2012-05-01,449.8745,5248.149902
2012-05-02,451.68341,5239.149902
2012-05-03,453.67504,5188.399902
2012-05-04,446.19232,5086.850098
2012-05-07,445.39787,5114.149902
2012-05-08,437.41298,4999.950195
2012-05-09,432.36043,4974.799805
2012-05-10,428.33180999999996,4965.700195
2012-05-11,422.32034000000004,4928.899902
2012-05-14,427.37217000000004,4907.799805
2012-05-15,441.30492000000004,4942.799805
2012-05-16,432.76241,4858.25
2012-05-17,433.14685,4870.200195
2012-05-18,435.39430999999996,4891.450195
2012-05-21,427.64625,
2012-05-22,427.7654,4860.5
2012-05-23,429.06269000000003,4835.649902
2012-05-24,451.95669000000004,4921.399902
2012-05-25,450.44789000000003,4920.399902
2012-05-28,452.90585999999996,4985.649902
2012-05-29,457.40491,4990.100098
2012-05-30,461.73314000000005,4950.75
2012-05-31,461.17350999999996,4924.25
2012-06-01,453.55127000000005,4841.600098
2012-06-04,452.8679,4848.149902
2012-06-05,453.48523,4863.299805
2012-06-06,458.54392,4997.100098
2012-06-07,465.65282,5049.649902
2012-06-08,459.25542,5068.350098
2012-06-11,460.47034,5054.100098
2012-06-12,466.62172999999996,5115.899902
2012-06-13,468.90887000000004,5121.450195
2012-06-14,474.26218,5054.75
2012-06-15,478.86602,5139.049805
2012-06-18,476.80593,5064.25
2012-06-19,470.2187,5103.850098
2012-06-20,468.90887000000004,5120.549805
2012-06-21,472.93334000000004,5165.0
2012-06-22,469.73425,5146.049805
2012-06-25,468.53828,5114.649902
2012-06-26,463.27075999999994,5120.799805
2012-06-27,468.5292,5141.899902
2012-06-28,469.51633,5149.149902
2012-06-29,476.33135,5278.899902
2012-07-02,474.47097,5278.600098
2012-07-03,472.79132999999996,5287.950195
2012-07-04,470.67429000000004,5302.549805
2012-07-05,470.83529000000004,5327.299805
2012-07-06,464.07719000000003,5316.950195
2012-07-09,462.80530999999996,5275.149902
2012-07-10,466.87760999999995,5345.350098
2012-07-11,469.0797,5306.299805
2012-07-12,429.85999000000004,5235.25
2012-07-13,423.29175999999995,5227.25
2012-07-16,412.18647000000004,5197.25
2012-07-17,412.1766,5192.850098
2012-07-18,413.62917999999996,5216.299805
2012-07-19,426.21518,5242.700195
2012-07-20,421.19445999999994,5205.100098
2012-07-23,415.56552999999997,5117.950195
2012-07-24,411.68301,5128.200195
2012-07-25,411.6648,5109.600098
2012-07-26,403.16936,5043.0
2012-07-27,407.88634,5099.850098
2012-07-30,419.47607999999997,5199.799805
2012-07-31,422.75034000000005,5229.0
2012-08-01,421.1565,5240.5
2012-08-02,418.72661,5227.75
2012-08-03,419.24829,5215.700195
2012-08-06,420.82392000000004,5282.549805
2012-08-07,427.75285999999994,5336.700195
2012-08-08,433.50484000000006,5338.0
2012-08-09,433.21095,5322.950195
2012-08-10,439.09581,5320.399902
2012-08-13,440.43377999999996,5347.899902
2012-08-14,442.19010999999995,5380.350098
2012-08-15,442.19010999999995,5380.350098
2012-08-16,439.55065,5362.950195
2012-08-17,446.3095,5366.299805
2012-08-20,446.3095,5366.299805
2012-08-21,457.31,5421.0
2012-08-22,461.97992999999997,5412.850098
2012-08-23,470.25665999999995,5415.350098
2012-08-24,464.10605999999996,5386.700195
2012-08-27,457.8605,5350.25
2012-08-28,459.61609000000004,
2012-08-29,453.38044,5287.799805
2012-08-30,454.21569000000005,5315.049805
2012-08-31,448.32097000000005,5258.5
2012-09-03,448.9763,5253.75
2012-09-04,448.16000999999994,5274.0
2012-09-05,444.10666,5225.700195
2012-09-06,459.77784,5238.399902
2012-09-07,472.16413,5342.100098
2012-09-10,476.92972000000003,5363.450195
2012-09-11,480.18499,5390.0
2012-09-12,482.12127999999996,5431.0
2012-09-13,485.03562,5435.350098
2012-09-14,499.66197,5577.649902
2012-09-17,486.82917000000003,5610.0
2012-09-18,493.72015999999996,5600.049805
2012-09-19,493.72015999999996,5600.049805
2012-09-20,496.83342000000005,5554.25
2012-09-21,492.2964,5691.149902
2012-09-24,493.59637000000004,5669.600098
2012-09-25,493.19847999999996,5673.899902
2012-09-26,491.53707,5663.450195
2012-09-27,483.95358,5649.5
2012-09-28,481.2192,5703.299805
2012-10-01,495.39979000000005,5718.799805
2012-10-02,495.39979000000005,5718.799805
2012-10-03,489.43902,5731.25
2012-10-04,488.94543,5787.600098
2012-10-05,479.68232,5746.950195
2012-10-08,472.34484000000003,5676.0
2012-10-09,481.466,5704.600098
2012-10-10,475.37230999999997,5652.149902
2012-10-11,480.88735999999994,5708.049805
2012-10-12,454.71915,5676.049805
2012-10-15,449.07122000000004,5687.25
2012-10-16,447.19184,5648.0
2012-10-17,449.93456,5660.25
2012-10-18,463.07183,5718.700195
2012-10-19,464.19210999999996,5684.25
2012-10-22,464.62057999999996,5717.149902
2012-10-23,458.30010999999996,5691.399902
2012-10-24,458.30010999999996,5691.399902
2012-10-25,456.67419,5705.299805
2012-10-26,453.72314000000006,5664.299805
2012-10-29,454.87223,5665.600098
2012-10-30,459.32300000000004,5597.899902
2012-10-31,460.22825,5619.700195
2012-11-01,460.54922,5645.049805
2012-11-02,465.11686,5697.700195
2012-11-05,463.23697000000004,5704.200195
2012-11-06,463.86020999999994,5724.399902
2012-11-07,468.29148,5760.100098
2012-11-08,462.62387,5738.75
2012-11-09,457.44311,5686.25
2012-11-12,459.43907,5683.700195
2012-11-13,455.41758,5666.950195
2012-11-14,455.41758,5666.950195
2012-11-15,447.23748,5631.0
2012-11-16,456.40153,5574.049805
2012-11-19,459.36194000000006,5571.399902
2012-11-20,452.7789,5571.549805
2012-11-21,457.6675,5614.799805
2012-11-22,464.04565999999994,5627.75
2012-11-23,463.06247,5626.600098
2012-11-26,470.82342,5635.899902
2012-11-27,481.19424000000004,5727.450195
2012-11-28,481.19424000000004,5727.450195
2012-11-29,476.24725,5825.0
2012-11-30,474.61199999999997,5879.850098
2012-12-03,475.05915999999996,5870.950195
2012-12-04,474.72807,5889.25
2012-12-05,464.02615999999995,5900.5
2012-12-06,455.41758,5930.899902
2012-12-07,452.07697,5907.399902
2012-12-10,450.59755,5908.899902
2012-12-11,446.79964,5898.799805
2012-12-12,447.52963,5888.0
2012-12-13,444.75460999999996,5851.5
2012-12-14,443.8291,5879.600098
2012-12-17,441.38442000000003,5857.899902
2012-12-18,442.30993,5896.799805
2012-12-19,447.20786,5929.600098
2012-12-20,447.88021,5916.399902
2012-12-21,447.34499000000005,5847.700195
2012-12-24,452.30135,5855.75
2012-12-25,452.30135,
2012-12-26,450.92787000000004,5905.600098
2012-12-27,445.57260999999994,5870.100098
2012-12-28,452.47662,5908.350098
2012-12-31,451.60017999999997,5905.100098
2013-01-01,449.68215999999995,
2013-01-02,449.74992000000003,5993.25
2013-01-03,455.33965,6009.5
2013-01-04,457.60905999999994,6016.149902
2013-01-07,462.52648,5988.399902
2013-01-08,456.52772999999996,6001.700195
2013-01-09,453.99579000000006,5971.5
2013-01-10,452.30135,5968.649902
2013-01-11,528.22052,5951.299805
2013-01-14,546.6062599999999,6024.049805
2013-01-15,542.81848,6056.600098
2013-01-16,539.00032,6001.850098
2013-01-17,544.94064,6039.200195
2013-01-18,543.01325,6064.399902
2013-01-21,544.61967,6082.299805
2013-01-22,542.13681,6048.5
2013-01-23,543.31476,6054.299805
2013-01-24,544.98971,6019.350098
2013-01-25,548.1931900000001,6074.649902
2013-01-28,547.41413,6074.799805
2013-01-29,545.14553,6049.899902
2013-01-30,543.51885,6055.75
2013-01-31,543.2952700000001,6034.75
2013-02-01,539.682,5998.899902
2013-02-04,539.02995,5987.25
2013-02-05,536.75117,5956.899902
2013-02-06,540.66595,5959.200195
2013-02-07,543.2952700000001,5938.799805
2013-02-08,543.2851400000001,5903.5
2013-02-11,543.7923099999999,5897.850098
2013-02-12,536.62421,5922.5
2013-02-13,543.3054,5932.950195
2013-02-14,547.82392,5896.950195
2013-02-15,543.12,5887.399902
2013-02-18,541.4645,5898.200195
2013-02-19,549.32284,5939.700195
2013-02-20,549.12807,5943.049805
2013-02-21,546.85947,5852.25
2013-02-22,553.23838,5850.299805
2013-02-25,568.28355,5854.75
2013-02-26,576.46365,5761.350098
2013-02-27,566.87189,5796.899902
2013-02-28,566.18008,5693.049805
2013-03-01,567.50449,5719.700195
2013-03-04,565.48828,5719.700195
2013-03-05,568.96522,5719.700195
2013-03-06,578.46974,5719.700195
2013-03-07,585.1408,5719.700195
2013-03-08,578.49855,5719.700195
2013-03-11,573.72758,5942.350098
2013-03-12,568.34199,5914.100098
2013-03-13,557.6977,5851.200195
2013-03-14,559.77235,5908.950195
2013-03-15,560.58023,5872.600098
2013-03-18,557.17261,5835.25
2013-03-19,556.2471,5745.950195
2013-03-20,558.12618,5694.399902
2013-03-21,559.51915,5658.75
2013-03-22,557.64939,5651.350098
2013-03-25,555.6145,5633.850098
2013-03-26,555.96508,5641.600098
2013-03-27,555.96508,5641.600098
2013-03-28,562.74289,5682.549805
2013-03-29,562.74289,
2013-04-01,573.42531,5704.399902
2013-04-02,578.2656,5748.100098
2013-04-03,578.14797,5672.899902
2013-04-04,560.93157,5574.75
2013-04-05,558.16593,5553.25
2013-04-08,551.5532599999999,5542.950195
2013-04-09,538.78687,5495.100098
2013-04-10,548.3879599999999,5558.700195
2013-04-11,568.06929,5594.0
2013-04-12,447.30524,5528.549805
2013-04-15,455.56404000000003,5568.399902
2013-04-16,447.22735,5688.950195
2013-04-17,444.81305,5688.700195
2013-04-18,447.1206,5783.100098
2013-04-19,447.1206,5783.100098
2013-04-22,437.1588,5834.399902
2013-04-23,440.60535999999996,5836.899902
2013-04-24,440.60535999999996,5836.899902
2013-04-25,433.87662,5916.299805
2013-04-26,430.81883,5871.450195
2013-04-29,434.18827000000005,5904.100098
2013-04-30,435.38567,5930.200195
2013-05-01,435.38567,5930.200195
2013-05-02,445.36772,5999.350098
2013-05-03,449.50609000000003,5944.0
2013-05-06,455.96293,5971.049805
2013-05-07,457.46261,6043.549805
2013-05-08,457.82252,6069.299805
2013-05-09,459.91660999999993,6050.149902
2013-05-10,461.89387999999997,6094.75
2013-05-13,455.67079,5980.450195
2013-05-14,457.70645,5995.399902
2013-05-15,459.73122,6146.75
2013-05-16,454.30744000000004,6169.899902
2013-05-17,458.03754000000004,6187.299805
2013-05-20,461.99125999999995,6156.899902
2013-05-21,466.96712,6114.100098
2013-05-22,464.57151,6094.5
2013-05-23,459.61515,5967.049805
2013-05-24,457.28729000000004,5983.549805
2013-05-27,462.11745999999994,6083.149902
2013-05-28,460.85149,6111.25
2013-05-29,458.16373,6104.299805
2013-05-30,477.97477000000003,6124.049805
2013-05-31,492.31575,5985.950195
2013-06-03,513.21935,5939.299805
2013-06-04,509.50402,5919.450195
2013-06-05,502.43032,5923.850098
2013-06-06,495.97959000000003,5921.399902
2013-06-07,499.48096,5881.0
2013-06-10,507.63659,5878.0
2013-06-11,505.33966,5788.799805
2013-06-12,494.28609000000006,5760.200195
2013-06-13,485.8242,5699.100098
2013-06-14,488.89607,5808.399902
2013-06-17,494.54087000000004,5850.049805
2013-06-18,499.43032,5813.600098
2013-06-19,497.75640999999996,5822.25
2013-06-20,483.61957,5655.899902
2013-06-21,493.75532000000004,5667.649902
2013-06-24,485.92627000000005,5590.25
2013-06-25,484.59938,5609.100098
2013-06-26,489.80485999999996,5588.700195
2013-06-27,506.82987,5682.350098
2013-06-28,510.10667,5842.200195
2013-07-01,500.33832,5898.850098
2013-07-02,490.73329,5857.549805
2013-07-03,490.84598,5770.899902
2013-07-04,503.80864,5836.950195
2013-07-05,501.39982000000003,5867.899902
2013-07-08,503.83884000000006,5811.549805
2013-07-09,509.97355,5859.0
2013-07-10,510.57534000000004,5816.700195
2013-07-11,516.12869,5935.100098
2013-07-12,572.43929,6009.0
2013-07-15,559.8849,6030.799805
2013-07-16,557.04742,5955.25
2013-07-17,561.54904,5973.299805
2013-07-18,571.73542,6038.049805
2013-07-19,581.26779,6029.200195
2013-07-22,587.2497900000001,6031.799805
2013-07-23,592.39322,6077.799805
2013-07-24,593.7511599999999,5990.5
2013-07-25,595.1188599999999,5907.5
2013-07-26,594.71059,5886.200195
2013-07-29,596.32325,5831.649902
2013-07-30,603.36595,5755.049805
2013-07-31,606.21325,5742.0
2013-08-01,607.23393,5727.850098
2013-08-02,614.20561,5677.899902
2013-08-05,614.25705,5685.399902
2013-08-06,609.8273,5542.25
2013-08-07,604.9280200000001,5519.100098
2013-08-08,605.1729799999999,5565.649902
2013-08-09,605.1729799999999,5565.649902
2013-08-12,613.51152,5612.399902
2013-08-13,629.47503,5699.299805
2013-08-14,626.62689,5742.299805
2013-08-15,626.62689,5742.299805
2013-08-16,607.9998400000001,5507.850098
2013-08-19,613.42989,5414.75
2013-08-20,613.76629,5401.450195
2013-08-21,603.98898,5302.549805
2013-08-22,616.53275,5408.450195
2013-08-23,612.55209,5471.75
2013-08-26,618.6761799999999,5476.5
2013-08-27,623.85146,5287.450195
2013-08-28,636.1396599999999,5285.0
2013-08-29,633.76189,5409.049805
2013-08-30,634.0174599999999,5471.799805
2013-09-02,629.9445,5550.75
2013-09-03,619.28859,5341.450195
2013-09-04,635.41537,5448.100098
2013-09-05,613.3890700000001,5592.950195
2013-09-06,618.33978,5680.399902
2013-09-09,618.33978,5680.399902
2013-09-10,644.84646,5896.75
2013-09-11,636.72187,5913.149902
2013-09-12,625.852,5850.700195
2013-09-13,618.1356400000001,5850.600098
2013-09-16,611.06188,5840.549805
2013-09-17,617.02271,5850.200195
2013-09-18,615.90972,5899.450195
2013-09-19,616.2878,6115.549805
2013-09-20,611.41872,6012.100098
2013-09-23,616.36943,5889.75
2013-09-24,615.49168,5892.450195
2013-09-25,614.3787,5873.850098
2013-09-26,614.9200900000001,5882.25
2013-09-27,613.75652,5833.200195
2013-09-30,615.0629799999999,5735.299805
2013-10-01,615.47125,5780.049805
2013-10-02,615.47125,
2013-10-03,619.99245,5909.700195
2013-10-04,615.75702,5907.299805
2013-10-07,616.87,5906.149902
2013-10-08,619.38004,5928.399902
2013-10-09,634.8340099999999,6007.450195
2013-10-10,638.45703,6020.950195
2013-10-11,668.44465,6096.200195
2013-10-14,678.62126,6112.700195
2013-10-15,684.83681,6089.049805
2013-10-16,684.83681,
2013-10-17,683.51931,6045.850098
2013-10-18,693.14985,6189.350098
2013-10-21,697.5196900000001,6204.950195
2013-10-22,698.9634900000001,6202.799805
2013-10-23,695.29295,6178.350098
2013-10-24,691.93693,6164.350098
2013-10-25,696.70495,6144.899902
2013-10-28,695.0102099999999,6101.100098
2013-10-29,697.5515,6220.899902
2013-10-30,695.10471,6251.700195
2013-10-31,692.17699,6299.149902
2013-11-01,685.23411,6307.200195
2013-11-04,685.23411,
2013-11-05,682.96556,6253.149902
2013-11-06,691.39237,6215.149902
2013-11-07,702.15221,6187.25
2013-11-08,702.66496,6140.75
2013-11-11,703.19782,6078.799805
2013-11-12,697.81331,6018.049805
2013-11-13,696.8095099999999,5989.600098
2013-11-14,701.45122,6056.149902
2013-11-15,701.45122,
2013-11-18,711.87644,6189.0
2013-11-19,720.00044,6203.350098
2013-11-20,711.47907,6122.899902
2013-11-21,699.38173,5999.049805
2013-11-22,700.06098,5995.450195
2013-11-25,695.54389,6115.350098
2013-11-26,693.49447,6059.100098
2013-11-27,688.70557,6057.100098
2013-11-28,695.9203200000001,6091.850098
2013-11-29,701.51478,6176.100098
2013-12-02,698.19975,6217.850098
2013-12-03,700.30185,6201.850098
2013-12-04,703.77332,6160.950195
2013-12-05,700.8347200000001,6241.100098
2013-12-06,695.50208,6259.899902
2013-12-09,698.22068,6363.899902
2013-12-10,704.9235,6332.850098
2013-12-11,705.65543,6307.899902
2013-12-12,703.45964,6237.049805
2013-12-13,705.55087,6168.399902
2013-12-16,721.94529,6154.700195
2013-12-17,722.80354,6139.049805
2013-12-18,723.03272,6217.149902
2013-12-19,734.49269,6166.649902
2013-12-20,742.67024,6274.25
2013-12-23,725.33308,6284.5
2013-12-24,729.0872400000001,6268.399902
2013-12-25,729.0872400000001,
2013-12-26,736.2493,6278.899902
2013-12-27,744.7506,6313.799805
2013-12-30,732.4232,6291.100098
2013-12-31,728.9299900000001,6304.0
2014-01-01,725.2393900000001,
2014-01-02,727.8643099999999,6221.149902
2014-01-03,745.55529,6211.149902
2014-01-06,735.67462,6191.450195
2014-01-07,722.96998,6162.25
2014-01-08,716.8954,6174.600098
2014-01-09,721.64248,6168.350098
2014-01-10,742.64849,6171.450195
2014-01-13,766.43667,6272.75
2014-01-14,770.98551,6241.850098
2014-01-15,776.27634,6320.899902
2014-01-16,778.99494,6318.899902
2014-01-17,779.97781,6261.649902
2014-01-20,784.06577,6303.950195
2014-01-21,785.95875,6313.799805
2014-01-22,787.53719,6338.950195
2014-01-23,793.09988,6345.649902
2014-01-24,785.91607,6266.75
2014-01-27,780.48974,6135.850098
2014-01-28,768.54884,6126.25
2014-01-29,777.47839,6120.25
2014-01-30,774.64435,6073.700195
2014-01-31,773.98604,6089.5
2014-02-03,758.93917,6001.799805
2014-02-04,744.70879,6000.899902
2014-02-05,748.92219,6022.399902
2014-02-06,745.25248,6036.299805
2014-02-07,745.8489099999999,6063.200195
2014-02-10,747.36464,6053.450195
2014-02-11,752.05904,6062.700195
2014-02-12,752.86459,6084.0
2014-02-13,749.8741200000001,6001.100098
2014-02-14,762.10783,6048.350098
2014-02-17,765.00375,6073.299805
2014-02-18,769.99177,6127.100098
2014-02-19,784.92314,6152.75
2014-02-20,776.10821,6091.450195
2014-02-21,784.35852,6155.450195
2014-02-24,784.19121,6186.100098
2014-02-25,791.09228,6200.049805
2014-02-26,796.23673,6238.799805
2014-02-27,796.23673,
2014-02-28,799.86545,6276.950195
2014-03-03,794.30193,6221.450195
2014-03-04,794.57462,6297.950195
2014-03-05,799.20627,6328.649902
2014-03-06,801.33932,6401.149902
2014-03-07,782.1836599999999,6526.649902
2014-03-10,767.8169,6537.25
2014-03-11,768.60153,6511.899902
2014-03-12,767.75416,6516.899902
2014-03-13,702.15221,6493.100098
2014-03-14,709.79521,6504.200195
2014-03-17,709.79521,
2014-03-18,700.6782900000001,6516.649902
2014-03-19,684.19937,6524.049805
2014-03-20,690.74493,6483.100098
2014-03-21,691.2878099999999,6493.200195
2014-03-24,685.04592,6583.5
2014-03-25,680.57065,6589.75
2014-03-26,679.42047,6601.399902
2014-03-27,675.68806,6641.75
2014-03-28,682.2855,6695.899902
2014-03-31,686.50978,6704.200195
2014-04-01,693.02354,6721.049805
2014-04-02,694.7182700000001,6752.549805
2014-04-03,698.08431,6736.100098000001
2014-04-04,693.4635400000001,6694.350098
2014-04-07,688.72645,6695.049805
2014-04-08,688.72645,
2014-04-09,680.60246,6796.200195
2014-04-10,669.4453,6796.399901999999
2014-04-11,676.54462,6776.299805
2014-04-14,676.54462,
2014-04-15,681.6999400000001,6733.100098000001
2014-04-16,660.26481,6675.299805
2014-04-17,667.53225,6779.399901999999
2014-04-18,667.53225,
2014-04-21,665.6283900000001,6817.649901999999
2014-04-22,658.8737,6815.350098000001
2014-04-23,663.47442,6840.799805
2014-04-24,663.47442,
2014-04-25,664.09178,6782.75
2014-04-28,664.60453,6761.25
2014-04-29,664.54178,6715.25
2014-04-30,665.17921,6696.399902
2014-05-01,665.17921,
2014-05-02,673.31408,6694.799805
2014-05-05,664.3636,6699.350098
2014-05-06,661.9059900000001,6715.299805
2014-05-07,641.4546,6652.549805
2014-05-08,641.02547,6659.850098
2014-05-09,650.67608,6858.799805
2014-05-12,663.98722,7014.25
2014-05-13,682.83925,7108.75
2014-05-14,680.50795,7108.75
2014-05-15,684.34492,7123.149901999999
2014-05-16,664.49997,7203.0
2014-05-19,630.5174400000001,7263.549805
2014-05-20,652.92457,7275.5
2014-05-21,660.2230000000001,7252.899901999999
2014-05-22,651.1888299999999,7276.399901999999
2014-05-23,641.9146599999999,7367.100098000001
2014-05-26,647.20548,7359.049805
2014-05-27,655.40311,7318.0
2014-05-28,663.61078,7329.649901999999
2014-05-29,646.6297099999999,7235.649901999999
2014-05-30,649.9241900000001,7229.950195
2014-06-02,661.8083,7362.5
2014-06-03,667.12639,7415.850098000001
2014-06-04,659.89617,7402.25
2014-06-05,672.42147,7474.100098000001
2014-06-06,663.99816,7583.399901999999
2014-06-09,660.32689,7654.600098000001
2014-06-10,679.9391400000001,7656.399901999999
2014-06-11,706.0749900000001,7626.850098000001
2014-06-12,702.0287,7649.899901999999
2014-06-13,704.6705,7542.100098000001
2014-06-16,717.30635,7533.549805
2014-06-17,717.90425,7631.700195
2014-06-18,716.4997599999999,7558.200195
2014-06-19,732.28684,7540.700195
2014-06-20,733.32609,7511.450195
2014-06-23,714.7424,7493.350098000001
2014-06-24,708.38512,7580.200195
2014-06-25,710.03193,7569.25
2014-06-26,703.6755099999999,7493.200195
2014-06-27,712.7188,7508.799805
2014-06-30,719.8278799999999,7611.350098000001
2014-07-01,712.19966,7634.700195
2014-07-02,710.92786,7725.149901999999
2014-07-03,709.91074,7714.799805
2014-07-04,717.70436,7751.600098000001
2014-07-07,739.70458,7787.149901999999
2014-07-08,738.97492,7623.200195
2014-07-09,731.9446,7585.0
2014-07-10,728.04158,7567.75
2014-07-11,735.54775,7459.600098000001
2014-07-14,713.1274400000001,7454.149901999999
2014-07-15,713.2158599999999,7526.649901999999
2014-07-16,714.08971,7624.399901999999
2014-07-17,716.23445,7640.450195
2014-07-18,718.94345,7663.899901999999
2014-07-21,707.69966,7684.200195
2014-07-22,714.99622,7767.850098000001
2014-07-23,740.5890099999999,7795.75
2014-07-24,747.84136,7830.600098000001
2014-07-25,741.19749,7790.450195
2014-07-28,745.37646,7748.700195
2014-07-29,745.37646,
2014-07-30,745.61965,7791.399901999999
2014-07-31,744.61317,7721.299805
2014-08-01,738.7874400000001,7602.600098000001
2014-08-04,766.26051,7683.649901999999
2014-08-05,776.75163,7746.549805
2014-08-06,790.6487099999999,7672.049805
2014-08-07,775.50283,7649.25
2014-08-08,770.0405599999999,7568.549805
2014-08-11,790.12866,7625.950195
2014-08-12,790.85832,7727.049805
2014-08-13,797.8453,7739.549805
2014-08-14,798.7633599999999,7791.700195
2014-08-15,798.7633599999999,
2014-08-18,787.0994900000001,7874.25
2014-08-19,784.4462,7897.5
2014-08-20,785.9391099999999,7875.299805
2014-08-21,784.70002,7891.100098000001
2014-08-22,796.20912,7913.200195
2014-08-25,802.13482,7906.299805
2014-08-26,801.32731,7904.75
2014-08-27,802.7433,7936.049805
2014-08-28,795.7226900000001,7954.350098000001
2014-08-29,795.7226900000001,
2014-09-01,795.91017,8027.700195
2014-09-02,799.02868,8083.049805
2014-09-03,825.6713,8114.600098000001
2014-09-04,820.03391,8095.950195
2014-09-05,824.8982900000001,8086.850098000001
2014-09-08,836.15179,8173.899901999999
2014-09-09,826.07017,8152.950195
2014-09-10,810.86858,8094.100098000001
2014-09-11,814.59378,8085.700195
2014-09-12,811.4434200000001,8105.5
2014-09-15,805.11977,8042.0
2014-09-16,807.31935,7932.899901999999
2014-09-17,827.17571,7975.5
2014-09-18,817.43547,8114.75
2014-09-19,818.5525,8121.450195
2014-09-22,807.17609,8146.299805
2014-09-23,797.5579,8017.549805
2014-09-24,805.89365,8002.399901999999
2014-09-25,816.10882,7911.850098000001
2014-09-26,813.70935,7968.850098000001
2014-09-29,828.94457,7958.899901999999
2014-09-30,828.65712,7964.799805
2014-10-01,850.6679800000001,7945.549805
2014-10-02,850.6679800000001,
2014-10-03,850.6679800000001,
2014-10-06,850.6679800000001,
2014-10-07,847.13025,7852.399901999999
2014-10-08,807.07611,7842.700195
2014-10-09,806.33587,7960.549805
2014-10-10,859.8103199999999,7859.950195
2014-10-13,871.7289199999999,7884.25
2014-10-14,866.3666300000001,7864.0
2014-10-15,866.3666300000001,
2014-10-16,881.64891,7748.200195
2014-10-17,878.53496,7779.700195
2014-10-20,869.5718300000001,7879.399901999999
2014-10-21,860.5840300000001,7927.75
2014-10-22,865.8539,7995.899901999999
2014-10-23,867.90674,8014.549805
2014-10-24,867.90674,
2014-10-27,867.45055,7991.700195
2014-10-28,864.0738699999999,8027.600098000001
2014-10-29,885.33215,8090.450195
2014-10-30,900.18194,8169.200195
2014-10-31,924.06056,8322.200195
2014-11-03,931.9616900000001,8324.150391
2014-11-04,931.9616900000001,
2014-11-05,940.83906,8338.299805
2014-11-06,940.83906,
2014-11-07,950.3734300000001,8337.0
2014-11-10,950.1270699999999,8344.25
2014-11-11,940.93039,8362.650391
2014-11-12,936.55095,8383.299805
2014-11-13,953.11055,8357.849609
2014-11-14,956.0848900000001,8389.900391
2014-11-17,962.19775,8430.75
2014-11-18,953.9681199999999,8425.900391
2014-11-19,951.91528,8382.299805
2014-11-20,963.8309300000001,8401.900391
2014-11-21,945.7112099999999,8477.349609
2014-11-24,975.1261099999999,8530.150391
2014-11-25,490.76549000000006,8463.099609
2014-11-26,490.4507,8475.75
2014-11-27,497.9139,8494.200195
2014-11-28,497.22506,8588.25
2014-12-01,496.08459000000005,8555.900391
2014-12-02,970.12633,8524.700195
2014-12-03,968.7121,8537.650391
2014-12-04,958.8128800000001,8564.400391
2014-12-05,944.443,8538.299805
2014-12-08,898.75591,8438.25
2014-12-09,896.3153199999999,8340.700195
2014-12-10,895.8363,8355.650391
2014-12-11,876.3571599999999,8292.900391
2014-12-12,884.3860300000001,8224.099609
2014-12-15,878.06786,8219.599609
2014-12-16,884.0895,8067.600098000001
2014-12-17,884.31759,8029.799805
2014-12-18,896.8171199999999,8159.299805
2014-12-19,911.75723,8225.200195
2014-12-22,912.1905800000001,8324.0
2014-12-23,899.44019,8267.0
2014-12-24,880.6909300000001,8174.100098000001
2014-12-25,880.6909300000001,
2014-12-26,890.59016,8200.700195
2014-12-29,893.1220199999999,8246.299805
2014-12-30,897.0223800000001,8248.25
2014-12-31,899.8507699999999,8282.700195
2015-01-01,900.6947,
2015-01-02,918.3947099999999,8395.450195
2015-01-05,910.50271,8378.400391
2015-01-06,891.4797,8127.350098000001
2015-01-07,895.74509,8102.100098000001
2015-01-08,900.26129,8234.599609
2015-01-09,946.33156,8284.5
2015-01-12,965.2633099999999,8323.0
2015-01-13,952.928,8299.400391
2015-01-14,971.05685,8277.549805
2015-01-15,973.61154,8494.150391
2015-01-16,966.33996,8513.799805
2015-01-19,959.13219,8550.700195
2015-01-20,969.0314099999999,8695.599609
2015-01-21,989.87911,8729.5
2015-01-22,1001.98632,8761.400391
2015-01-23,1010.48057,8835.599609
2015-01-26,1010.48057,
2015-01-27,974.6425300000001,8910.5
2015-01-28,978.3194199999999,8914.299805
2015-01-29,978.74821,8952.349609
2015-01-30,977.10589,8808.900391
2015-02-02,974.8068,8797.400391
2015-02-03,967.5259699999999,8756.549805
2015-02-04,977.54392,8723.700195
2015-02-05,1000.78204,8711.700195
2015-02-06,1017.52406,8661.049805
2015-02-09,1025.91785,8526.349609
2015-02-10,1039.3298,8565.549805
2015-02-11,1042.32241,8627.400391
2015-02-12,1054.3382900000001,8711.549805
2015-02-13,1047.44994,8805.5
2015-02-16,1039.53963,8809.349609
2015-02-17,1039.53963,
2015-02-18,1047.63237,8869.099609
2015-02-19,1060.4968099999999,8895.299805
2015-02-20,1041.5195199999998,8833.599609
2015-02-23,1033.53625,8754.950195
2015-02-24,1036.82077,8762.099609
2015-02-25,1057.25795,8767.25
2015-02-26,1030.11485,8683.849609
2015-02-27,1033.6092,8844.599609
2015-03-02,1045.44266,8956.75
2015-03-03,1048.25284,8996.25
2015-03-04,1037.66009,8922.650391
2015-03-05,1025.3249,8937.75
2015-03-06,1025.3249,
2015-03-09,999.0759099999999,8756.75
2015-03-10,1002.698,8712.049805
2015-03-11,995.4902300000001,8699.950195
2015-03-12,1011.9586099999999,8776.0
2015-03-13,1012.9165300000001,8647.75
2015-03-16,1034.01059,8633.150391
2015-03-17,1022.0859300000001,8723.299805
2015-03-18,1017.0678800000001,8685.900391
2015-03-19,1017.4966599999999,8634.650391
2015-03-20,1029.8137,8570.900391
2015-03-23,1018.8652199999999,8550.900391
2015-03-24,1008.8291199999999,8542.950195
2015-03-25,1012.3235800000001,8530.799805
2015-03-26,979.1405800000001,8342.150391
2015-03-27,1004.58656,8341.400391
2015-03-30,1016.3836,8492.299805
2015-03-31,1011.98601,8491.0
2015-04-01,991.7221199999999,8586.25
2015-04-02,991.7221199999999,
2015-04-03,991.7221199999999,
2015-04-06,993.6654800000001,8659.900391
2015-04-07,985.1348199999999,8660.299805
2015-04-08,1003.86586,8714.400391
2015-04-09,1010.4531699999999,8778.299805
2015-04-10,1019.09332,8780.349609
2015-04-13,1021.3104300000001,8834.0
2015-04-14,1021.3104300000001,
2015-04-15,1009.86011,
2015-04-16,1001.16516,8706.700195
2015-04-17,994.13994,8606.0
2015-04-20,972.65351,8448.099609
2015-04-21,977.42531,8377.75
2015-04-22,975.1899300000001,8429.700195
2015-04-23,968.0278199999999,8398.299805
2015-04-24,910.18335,8305.25
2015-04-27,905.3706099999999,8213.799805
2015-04-28,894.5361800000001,8285.599609
2015-04-29,894.6502300000001,8239.75
2015-04-30,886.0282900000001,8181.5
2015-05-01,886.0282900000001,
2015-05-04,909.2253699999999,8331.950195
2015-05-05,895.3801199999999,8324.799805
2015-05-06,876.81335,8097.0
2015-05-07,886.8266199999999,8057.299805
2015-05-08,893.1904,8191.5
2015-05-11,909.4762900000001,8325.25
2015-05-12,888.2407900000001,8126.950195
2015-05-13,892.6201699999999,8235.450195
2015-05-14,882.6297300000001,8224.200195
2015-05-15,894.92393,8262.349609
2015-05-18,909.20259,8373.650391
2015-05-19,922.56426,8365.650391
2015-05-20,933.95071,8423.25
2015-05-21,934.4707099999999,8421.0
2015-05-22,933.55834,8458.950195
2015-05-25,920.0370199999999,8370.25
2015-05-26,915.70325,8339.349609
2015-05-27,898.00319,8334.599609
2015-05-28,919.94575,8319.0
2015-05-29,922.93836,8433.650391
2015-06-01,934.1788,8433.400391
2015-06-02,916.32366,8236.450195
2015-06-03,921.9073800000001,8135.100098000001
2015-06-04,925.1736900000001,8130.649901999999
2015-06-05,917.6922199999999,8114.700195
2015-06-08,912.40046,8044.149901999999
2015-06-09,454.38459000000006,8022.399901999999
2015-06-10,462.231,8124.450195
2015-06-11,455.65052000000003,7965.350098000001
2015-06-12,464.20577000000003,7982.899901999999
2015-06-15,959.8343,8013.899901999999
2015-06-16,968.45916,8047.299805
2015-06-17,964.92202,8091.549805
2015-06-18,970.9788300000001,8174.600098000001
2015-06-19,964.5828,8224.950195
2015-06-22,992.2018400000001,8353.099609
2015-06-23,969.47675,8381.549805
2015-06-24,964.3405300000001,8360.849609
2015-06-25,959.8343,8398.0
2015-06-26,974.1768099999999,8381.099609
2015-06-29,959.54359,8318.400391
2015-06-30,953.9228199999999,8368.5
2015-07-01,966.5694800000001,8453.049805
2015-07-02,957.4600199999999,8444.900391
2015-07-03,959.68891,8484.900391
2015-07-06,952.90529,8522.150391
2015-07-07,950.19185,8510.799805
2015-07-08,927.9028,8363.049805
2015-07-09,909.0055699999999,8328.549805
2015-07-10,908.5210199999999,8360.549805
2015-07-13,920.7800199999999,8459.650391
2015-07-14,941.22778,8454.099609
2015-07-15,953.5836699999999,8523.799805
2015-07-16,958.47755,8608.049805
2015-07-17,970.88188,8609.849609
2015-07-20,970.30045,8603.450195
2015-07-21,1078.257,8529.450195
2015-07-22,1069.05065,8633.5
2015-07-23,1064.05982,8589.799805
2015-07-24,1053.98127,8521.549805
2015-07-27,1032.37066,8361.0
2015-07-28,1029.99632,8337.0
2015-07-29,1051.84932,8375.049805
2015-07-30,1036.92533,8421.799805
2015-07-31,1043.75745,8532.849609
2015-08-03,1045.5986300000002,8543.049805
2015-08-04,1024.56944,8516.900391
2015-08-05,1052.76991,8567.950195
2015-08-06,1053.35134,8588.650391
2015-08-07,1061.73398,8564.599609
2015-08-10,1052.43075,8525.599609
2015-08-11,1074.86519,8462.349609
2015-08-12,1109.02558,8349.450195
2015-08-13,1122.20517,8355.849609
2015-08-14,1113.72564,8518.549805
2015-08-17,1106.8451300000002,8477.299805
2015-08-18,1128.35886,8466.549805
2015-08-19,1139.21273,8495.150391
2015-08-20,1099.48008,8372.75
2015-08-21,1114.35557,8299.950195
2015-08-24,1058.29379,7809.0
2015-08-25,1052.0916,7880.700195
2015-08-26,1031.69222,7791.850098000001
2015-08-27,1049.32971,7948.950195
2015-08-28,1076.70648,8001.950195
2015-08-31,1060.5711199999998,7971.299805
2015-09-01,1055.33802,7785.850098000001
2015-09-02,1065.46495,7717.0
2015-09-03,1065.36807,7823.0
2015-09-04,1040.7531800000002,7655.049805
2015-09-07,1026.02307,7558.799805
2015-09-08,1026.07158,7688.25
2015-09-09,1055.04725,7818.600098000001
2015-09-10,1047.05226,7788.100098000001
2015-09-11,1057.03393,7789.299805
2015-09-14,1065.75573,7872.25
2015-09-15,1065.22268,7829.100098000001
2015-09-16,1067.59702,7899.149901999999
2015-09-17,1067.59702,
2015-09-18,1070.3104,7981.899901999999
2015-09-21,1070.50429,7977.100098000001
2015-09-22,1073.21767,7812.0
2015-09-23,1081.7457,7845.950195
2015-09-24,1105.29461,7868.5
2015-09-25,1105.29461,
2015-09-28,1071.37649,7795.700195
2015-09-29,1087.17257,7843.299805
2015-09-30,1126.0330199999999,7948.899901999999
2015-10-01,1136.79001,7950.899901999999
2015-10-02,1136.79001,
2015-10-05,1145.2210300000002,8119.299805
2015-10-06,1118.91024,8152.899901999999
2015-10-07,1098.17171,8177.399901999999
2015-10-08,1097.15424,8129.350098000001
2015-10-09,1131.31463,8189.700195
2015-10-12,1088.1901599999999,8143.600098000001
2015-10-13,1065.4165699999999,8131.700195
2015-10-14,1063.67216,8107.899901999999
2015-10-15,1063.4298900000001,8179.5
2015-10-16,1070.81384,8238.150391
2015-10-19,1087.4886900000001,8275.049805
2015-10-20,1101.1807099999999,8261.650391
2015-10-21,1113.3569,8251.700195
2015-10-22,1113.3569,
2015-10-23,1124.60392,8295.450195
2015-10-26,1126.80442,8260.549805
2015-10-27,1124.11492,8232.900391
2015-10-28,1127.83125,8171.200195
2015-10-29,1119.86064,8111.75
2015-10-30,1110.47173,8065.799805
2015-11-02,1106.31522,8050.799805
2015-11-03,1120.30069,8060.700195
2015-11-04,1111.7921199999998,8040.200195
2015-11-05,1098.1978800000002,7955.450195
2015-11-06,1113.2591300000001,7954.299805
2015-11-09,1109.64045,7915.200195
2015-11-10,1079.5669,7783.350098000001
2015-11-11,1079.5669,7825.0
2015-11-12,1079.5669,
2015-11-13,1076.5840699999999,7762.25
2015-11-16,1056.43715,7806.600098000001
2015-11-17,1038.1485699999998,7837.549805
2015-11-18,997.5615,7731.799805
2015-11-19,1024.74999,7842.75
2015-11-20,1029.2487800000001,7856.549805
2015-11-23,1030.52011,7849.25
2015-11-24,1018.24626,7831.600098000001
2015-11-25,1018.24626,
2015-11-26,1029.2487800000001,7883.799805
2015-11-27,1042.89185,7942.700195
2015-11-30,1063.96783,7935.25
2015-12-01,1055.26359,7954.899901999999
2015-12-02,1037.36612,7931.350098000001
2015-12-03,1034.48106,7864.149901999999
2015-12-04,1025.9725,7781.899901999999
2015-12-07,1023.23404,7765.399901999999
2015-12-08,1021.42476,7701.700195
2015-12-09,1005.58107,7612.5
2015-12-10,1024.30982,7683.299805
2015-12-11,1029.64,7610.450195
2015-12-14,1045.97258,7650.049805
2015-12-15,1053.84554,7700.899901999999
2015-12-16,1071.74289,7750.899901999999
2015-12-17,1082.74541,7844.350098000001
2015-12-18,1059.32232,7761.950195
2015-12-21,1079.17568,7834.450195
2015-12-22,1059.9091,7786.100098000001
2015-12-23,1076.6329,7865.950195
2015-12-24,1072.23189,7861.049805
2015-12-25,1072.23189,
2015-12-28,1080.44713,7925.149901999999
2015-12-29,1080.3981800000001,7928.950195
2015-12-30,1062.40305,7896.25
2015-12-31,1081.08285,7946.350098000001
2016-01-01,1080.93613,
2016-01-04,1055.16582,7791.299805
2016-01-05,1050.42253,7784.649901999999
2016-01-06,1045.82585,7741.0
2016-01-07,1027.684,7568.299805
2016-01-08,1039.9090199999998,7601.350098000001
2016-01-11,1032.47611,7563.850098000001
2016-01-12,1026.8526,7510.299805
2016-01-13,1059.56682,7562.399901999999
2016-01-14,1108.07567,7536.799805
2016-01-15,1114.82391,7437.799805
2016-01-18,1106.99989,7351.0
2016-01-19,1114.57941,7435.100098000001
2016-01-20,1096.58415,7309.299805
2016-01-21,1112.03663,7276.799805
2016-01-22,1111.2541800000001,7422.450195
2016-01-25,1112.6234,7436.149901999999
2016-01-26,1112.6234,
2016-01-27,1113.45468,7437.75
2016-01-28,1104.75044,7424.649901999999
2016-01-29,1139.27394,7563.549805
2016-02-01,1147.53801,7555.950195
2016-02-02,1149.6896800000002,7455.549805
2016-02-03,1132.23226,7361.799805
2016-02-04,1153.79724,7404.0
2016-02-05,1148.8582900000001,7489.100098000001
2016-02-08,1125.48415,7387.25
2016-02-09,1083.28336,7298.200195
2016-02-10,1084.1635800000001,7215.700195
2016-02-11,1054.92132,6976.350098000001
2016-02-12,1060.7893199999999,6980.950195
2016-02-15,1067.73311,7162.950195
2016-02-16,1055.41032,7048.25
2016-02-17,1073.6989,7108.450195
2016-02-18,1098.68688,7191.75
2016-02-19,1102.45216,7210.75
2016-02-22,1101.86539,7234.549805
2016-02-23,1099.17588,7109.549805
2016-02-24,1100.59394,7018.700195
2016-02-25,1085.87509,6970.600098000001
2016-02-26,1096.48638,7029.75
2016-02-29,1060.20255,6987.049805
2016-03-01,1100.69171,7222.299805
2016-03-02,1130.56971,7368.850098000001
2016-03-03,1143.57717,7475.600098000001
2016-03-04,1144.89745,7485.350098000001
2016-03-07,1144.89745,
2016-03-08,1137.85577,7485.299805
2016-03-09,1152.57474,7531.799805
2016-03-10,1117.36669,7486.149901999999
2016-03-11,1117.85569,7510.200195
2016-03-14,1116.09524,7538.75
2016-03-15,1109.4449,7460.600098000001
2016-03-16,1127.09775,7498.75
2016-03-17,1136.19321,7512.549805
2016-03-18,1167.14698,7604.350098000001
2016-03-21,1168.61399,7704.25
2016-03-22,1163.77281,7714.899901999999
2016-03-23,1181.2302300000001,7716.5
2016-03-24,1181.2302300000001,
2016-03-25,1181.2302300000001,
2016-03-28,1178.394,7615.100098000001
2016-03-29,1170.91227,7597.0
2016-03-30,1179.42083,7735.200195
2016-03-31,1191.49925,7738.399901999999
2016-04-01,1178.93183,7713.049805
2016-04-04,1216.34039,7758.799805
2016-04-05,1192.96625,7603.200195
2016-04-06,1174.28632,7614.350098000001
2016-04-07,1155.50874,7546.450195
2016-04-08,1140.10522,7555.200195
2016-04-11,1157.8559699999998,7671.399901999999
2016-04-12,1156.1933,7708.950195
2016-04-13,1146.90228,7850.450195
2016-04-14,1146.90228,
2016-04-15,1146.90228,
2016-04-18,1211.45038,7914.700195
2016-04-19,1211.45038,
2016-04-20,1216.24261,7914.75
2016-04-21,1199.32326,7912.049805
2016-04-22,1184.60429,7899.299805
2016-04-25,1189.10307,7855.049805
2016-04-26,1205.04454,7962.649901999999
2016-04-27,1212.86855,7979.899901999999
2016-04-28,1182.55051,7847.25
2016-04-29,1181.5235599999999,7849.799805
2016-05-02,1174.62872,7805.899901999999
2016-05-03,1151.89019,7747.0
2016-05-04,1162.69703,7706.549805
2016-05-05,1166.2178099999999,7735.5
2016-05-06,1155.50874,7733.450195
2016-05-09,1172.67272,7866.049805
2016-05-10,1186.12024,7887.799805
2016-05-11,1175.41105,7848.850098000001
2016-05-12,1183.3817900000001,7900.399901999999
2016-05-13,1180.69228,7814.899901999999
2016-05-16,1188.27179,7860.75
2016-05-17,1187.53829,7890.75
2016-05-18,1183.23506,7870.149901999999
2016-05-19,1179.22528,7783.399901999999
2016-05-20,1175.16655,7749.700195
2016-05-23,1161.86575,7731.049805
2016-05-24,1161.62125,7748.850098000001
2016-05-25,1182.06151,7934.899901999999
2016-05-26,1207.00054,8069.649901999999
2016-05-27,1220.05684,8156.649901999999
2016-05-30,1239.71465,8178.5
2016-05-31,1221.18157,8160.100098000001
2016-06-01,1230.52141,8179.950195
2016-06-02,1233.79781,8218.950195
2016-06-03,1239.03009,8220.799805
2016-06-06,1238.88337,8201.049805
2016-06-07,1229.73908,8266.450195
2016-06-08,1210.8636,8273.049805
2016-06-09,1172.92052,8203.599609
2016-06-10,1168.07249,8170.049805
2016-06-13,1168.36936,8110.600098000001
2016-06-14,1162.53194,8108.850098000001
2016-06-15,1177.32325,8206.599609
2016-06-16,1173.4152199999999,8140.75
2016-06-17,1166.9841900000001,8170.200195
2016-06-20,1195.92381,8238.5
2016-06-21,1193.30191,8219.900391
2016-06-22,1186.77197,8203.700195
2016-06-23,1198.74355,8270.450195
2016-06-24,1181.87454,8088.600098000001
2016-06-27,1153.8252699999998,8094.700195
2016-06-28,1146.85015,8127.850098000001
2016-06-29,1164.36228,8204.0
2016-06-30,1158.37655,8287.75
2016-07-01,1159.95955,8328.349609
2016-07-04,1171.38692,8370.700195
2016-07-05,1162.97711,8335.950195
2016-07-06,1162.97711,
2016-07-07,1144.97028,8337.900391
2016-07-08,1145.91016,8323.200195
2016-07-11,1162.5814599999999,8467.900391
2016-07-12,1164.06554,8521.049805
2016-07-13,1181.1325,8519.5
2016-07-14,1163.76867,8565.0
2016-07-15,1061.16909,8541.400391
2016-07-18,1070.46925,8508.700195
2016-07-19,1075.4162,8528.549805
2016-07-20,1071.60708,8565.849609
2016-07-21,1068.44108,8510.099609
2016-07-22,1061.07006,8541.200195
2016-07-25,1069.38095,8635.650391
2016-07-26,1077.1476300000002,8590.650391
2016-07-27,1073.8332,8615.799805
2016-07-28,1066.0665199999999,8666.299805
2016-07-29,1062.45523,8638.5
2016-08-01,1073.73429,8636.549805
2016-08-02,1072.29972,8622.900391
2016-08-03,1073.3880199999999,8544.849609
2016-08-04,1060.42705,8551.099609
2016-08-05,1056.66733,8683.150391
2016-08-08,1067.25374,8711.349609
2016-08-09,1071.9039400000001,8678.25
2016-08-10,1070.8650300000002,8575.299805
2016-08-11,1065.9180900000001,8592.150391
2016-08-12,1051.27521,
2016-08-15,1051.27521,
2016-08-16,1040.63928,8642.549805
2016-08-17,1022.33558,8624.049805
2016-08-18,1012.54061,8673.25
2016-08-19,1010.46285,8666.900391
2016-08-22,1004.67495,8629.150391
2016-08-23,1028.6181800000002,8632.599609
2016-08-24,1046.17983,8650.299805
2016-08-25,1025.1553199999998,8592.200195
2016-08-26,1009.42401,8572.549805
2016-08-29,1011.94694,8607.450195
2016-08-30,1029.36022,8744.349609
2016-08-31,1024.85845,8786.200195
2016-09-01,1026.5404800000001,8774.650391
2016-09-02,1020.90089,8809.650391
2016-09-05,1020.90089,
2016-09-06,1033.91138,8943.0
2016-09-07,1043.1621400000001,8917.950195
2016-09-08,1026.6394,8952.5
2016-09-09,1024.5121900000001,8866.700195
2016-09-12,1042.81588,8715.599609
2016-09-13,1042.81588,
2016-09-14,1034.5049900000001,8726.599609
2016-09-15,1031.14105,8742.549805
2016-09-16,1048.90065,8779.849609
2016-09-19,1049.9394300000001,8808.400391
2016-09-20,1039.00676,8775.900391
2016-09-21,1044.54731,8777.150391
2016-09-22,1047.565,8867.450195
2016-09-23,1031.4874300000001,8831.549805
2016-09-26,1024.90797,8723.049805
2016-09-27,1028.71709,8706.400391
2016-09-28,1027.92553,8745.150391
2016-09-29,1018.27899,8591.25
2016-09-30,1025.0564,8611.150391
2016-10-03,1027.0845800000002,8738.099609
2016-10-04,1038.06677,8769.150391
2016-10-05,1030.44852,8743.950195
2016-10-06,1016.49816,8709.549805
2016-10-07,1001.8057,8697.599609
2016-10-10,1019.0210300000001,8708.799805
2016-10-11,1019.0210300000001,
2016-10-12,1019.0210300000001,
2016-10-13,1041.18337,8573.349609
2016-10-14,1016.25082,8583.400391
2016-10-17,1011.55122,8520.400391
2016-10-18,1028.0245699999998,8677.900391
2016-10-19,1030.74539,8659.099609
2016-10-20,1025.65001,8699.400391
2016-10-21,1038.30005,8693.049805
2016-10-24,1027.0999800000002,8708.950195
2016-10-25,1017.2000099999999,8691.299805
2016-10-26,1014.2000099999999,8615.25
2016-10-27,1003.5,8615.25
